lat,lon,label
34.55408859,69.32198334,1
34.55408859,69.32198334,1
34.54417038,69.31223297,1
34.55408859,69.32198334,1
34.53388977,69.18501282,1
34.55408859,69.32198334,1
34.5216713,69.17445374,1
34.51667023,69.18332672,1
34.53916168,69.31445313,1
34.17472076,69.45749664,1
34.41666031,69.76667786,1
34.52917099,69.30832672,1
34.44971848,68.95305634,1
34.5999794,69.73330688,1
34.53944016,69.17415619,1
34.5999794,69.73330688,1
34.50247955,69.30832672,1
34.53887939,69.2141571,1
34.63167191,69.72972107,1
34.63167191,69.72972107,1
34.5216713,69.16889191,1
34.50247955,69.09361267,1
34.5216713,69.16889191,1
34.75582886,69.24665833,1
34.62305832,69.71444702,1
34.50804901,69.23693848,1
34.52777863,69.18831635,1
34.45306015,69.11303711,1
34.5430603,69.19055176,1
34.53527069,69.20555878,1
34.55722046,69.13887787,1
34.56111145,69.22499847,1
34.57278061,69.2408371,1
34.5999794,69.73330688,1
34.5216713,69.16889191,1
34.5216713,69.16889191,1
34.56666946,69.48332977,1
34.52999878,69.18110657,1
34.5085907,69.26361084,1
34.57860947,69.13861084,1
34.4591713,69.1838913,1
34.53722,69.18305206,1
34.44887924,69.38082886,1
34.51776886,69.2472229,1
34.41276932,69.38082886,1
34.55556107,69.20471954,1
34.53416824,69.20333099,1
34.46722031,69.12389374,1
34.52582932,69.16889191,1
34.54111099,69.14611053,1
34.54027939,69.16887665,1
34.51388931,69.16581726,1
34.63360977,69.71749878,1
34.54027939,69.11750031,1
34.47360992,69.21666718,1
34.38164902,69.2216568,1
34.502491,69.30832672,1
34.59472275,68.95186615,1
34.57167053,69.33027649,1
34.52111053,69.15556335,1
34.63333893,69.0,1
34.42943954,69.18916321,1
34.54277039,69.22805786,1
34.55305862,69.23555756,1
34.4544487,69.11416626,1
34.73962021,69.11852264,1
34.8091011,69.24162292,1
34.54401016,69.26351929,1
34.53388977,69.18486023,1
34.39756012,69.16536713,1
34.59471893,68.95185852,1
34.59472275,68.95185089,1
34.53178024,69.11685944,1
34.5377388,69.19943237,1
34.42934036,69.28623962,1
34.47999954,69.21453857,1
34.56093979,69.31394196,1
34.62535095,69.07855225,1
34.542099,69.27572632,1
34.83705521,69.24170685,1
34.54399109,69.23432159,1
34.57561111,69.20278931,1
34.5274086,69.19003296,1
34.45471954,69.22753906,1
34.50671005,69.14259338,1
34.50670242,69.14597321,1
34.47470093,69.12631989,1
34.54222107,69.21469116,1
34.52062988,69.18414307,1
34.48302841,69.0951767,1
34.53789139,69.21025848,1
34.48300171,69.09519958,1
34.54370117,69.24819183,1
34.7285881,69.34734344,1
34.72859955,69.34729767,1
34.52470016,69.22815704,1
34.53416824,69.17326355,1
34.55408859,69.32198334,1
34.59154129,69.33805084,1
34.59154129,69.33805084,1
34.55408859,69.32198334,1
34.5182991,69.61669922,1
34.53783035,69.12531281,1
34.53779984,69.12529755,1
34.55056381,69.3002243,1
34.55408859,69.32198334,1
34.55408859,69.32198334,1
34.55408859,69.32198334,1
34.55408859,69.32198334,1
34.55408859,69.32198334,1
34.55408859,69.32198334,1
34.48828888,68.96405792,1
34.48830032,68.9641037,1
34.61423111,69.29067993,1
34.61420059,69.29070282,1
34.55408859,69.32198334,1
34.55408859,69.32198334,1
34.37369919,69.22699738,1
34.82223129,69.26822662,1
34.82222748,69.26823425,1
34.78750992,69.2131424,1
34.76279068,69.23986053,1
34.74528122,69.2350769,1
34.74530029,69.23509979,1
34.54389954,69.27572632,1
34.54119873,69.26029968,1
34.54389954,69.27570343,1
34.54431152,69.25343323,1
34.55408859,69.32198334,1
34.75696945,69.82485962,1
34.52558899,69.27361298,1
34.52560043,69.27359772,1
34.55585098,69.14170074,1
34.30144882,69.39087677,1
34.51908875,69.17671967,1
34.51908875,69.17671967,1
34.50791168,69.23748779,1
34.55408859,69.32198334,1
34.55408859,69.32198334,1
34.55408859,69.32198334,1
34.51523972,69.17105103,1
34.51523972,69.17105103,1
34.5152359,69.17105103,1
34.54291916,69.30843353,1
34.41688156,69.38230896,1
34.5198288,69.0849762,1
34.54259491,69.19714355,1
34.54045105,69.19616699,1
34.59899139,69.68955994,1
34.570961,69.27472687,1
34.59899139,69.68955994,1
34.59898758,69.68956757,1
34.55408859,69.32198334,1
34.57194901,68.99674988,1
34.46648026,69.20906067,1
34.49407959,69.35944366,1
34.46480179,69.21199799,1
34.49409866,69.35939789,1
34.58195877,69.17446136,1
34.60866928,69.74603271,1
34.36666489,69.21840668,1
34.5448494,69.3290329,1
34.54489899,69.32900238,1
34.57735825,69.13951874,1
34.53054047,69.19069672,1
34.58110046,69.12020111,1
34.5304985,69.19069672,1
34.54299927,69.27570343,1
34.57170105,69.2390976,1
34.4966507,69.25520325,1
34.49658203,69.26499939,1
34.4966011,69.26499939,1
34.49670029,69.25520325,1
34.4966011,69.26499939,1
34.5198288,69.09261322,1
34.58327103,69.16866302,1
34.58327103,69.16866302,1
34.58330154,69.16870117,1
34.51427841,69.20481873,1
34.53329849,69.23898315,1
34.56295013,69.21910858,1
34.54042053,69.21939087,1
34.52130127,69.18699646,1
34.55408859,69.32198334,1
34.52429962,69.16999817,1
34.46727371,69.22363281,1
34.37356186,69.22622681,1
34.60813141,69.16359711,1
34.582901,69.16899872,1
34.60810089,69.16359711,1
34.37360001,69.22619629,1
34.56399155,69.1220932,1
34.5469017,69.11990356,1
34.4998436,69.21022797,1
34.55590057,69.14060211,1
34.55408859,69.32198334,1
34.36674881,69.19782257,1
34.37548065,69.1490097,1
34.51894379,69.07081604,1
34.53070068,69.08170319,1
34.53065872,69.0817337,1
34.54526901,69.26847076,1
34.53950119,69.35549927,1
34.54365921,69.26763916,1
34.54370117,69.26760101,1
34.53771973,69.20924377,1
34.42467117,69.18467712,1
34.54130173,69.22341156,1
34.52695847,69.16780853,1
34.52730179,69.16799927,1
34.53628159,69.20683289,1
34.53630066,69.20680237,1
34.60010147,69.08070374,1
34.52848053,69.16835022,1
34.5284996,69.16840363,1
34.54204941,69.15028381,1
34.54199982,69.15029907,1
34.55408859,69.32198334,1
34.54584885,69.19944763,1
34.54629898,69.20050049,1
34.49520111,69.2766571,1
34.54433823,69.25906372,1
34.49520111,69.27670288,1
34.54430008,69.25910187,1
34.52779007,69.21247864,1
34.52780151,69.21250153,1
34.60010147,69.08070374,1
34.84170151,69.15529633,1
34.84170914,69.15531158,1
34.57513046,69.39792633,1
34.51667023,69.18332672,1
34.53054047,69.19069672,1
34.5304985,69.19069672,1
34.56024933,69.36932373,1
34.52426147,69.16343689,1
34.55408859,69.32198334,1
34.53190994,69.08838654,1
34.5318985,69.08840179,1
34.53839874,69.31279755,1
34.51667023,69.18332672,1
34.53731918,69.12465668,1
34.53730011,69.12470245,1
34.56880188,69.40228271,1
34.56880188,69.40229797,1
34.54421997,69.2525177,1
34.55408859,69.32198334,1
34.54589844,69.19940186,1
34.54584885,69.19944763,1
34.5135498,69.10836792,1
34.51350021,69.10839844,1
34.52245331,69.16997528,1
34.55408859,69.32198334,1
34.53179932,69.68180084,1
34.56214905,69.37493896,1
34.50165939,69.2026062,1
34.50170135,69.20259857,1
34.503479,69.19608307,1
34.50350189,69.19609833,1
34.53771973,69.20967102,1
34.53681946,69.20815277,1
34.53770065,69.20970154,1
34.53680038,69.20809937,1
34.52869034,69.1728363,1
34.53067017,69.04902649,1
34.792099,69.18579865,1
34.53054047,69.19069672,1
34.55408859,69.32198334,1
34.54743958,69.25887299,1
34.52188873,69.23741913,1
34.534729,69.13903046,1
34.40288925,69.16533661,1
34.80070114,69.24286652,1
34.55408859,69.32198334,1
34.75246811,69.12018585,1
34.75249863,69.12020111,1
34.5453186,69.31154633,1
34.53506851,69.16364288,1
34.55892944,69.29138947,1
34.80638885,69.24162292,1
34.51210022,69.11795044,1
34.54352951,69.30769348,1
34.54201889,69.30950928,1
34.53506851,69.16364288,1
34.6110611,69.43628693,1
34.54452133,69.23857117,1
34.51667023,69.19999695,1
34.54093933,69.22251892,1
34.53596115,69.17980957,1
34.81882858,69.18982697,1
34.50814819,69.14037323,1
34.45476151,69.20575714,1
34.54201889,69.30950928,1
34.52001953,69.17362976,1
34.75244904,69.13437653,1
34.53414917,69.18634033,1
34.83108902,69.13500977,1
34.34032059,69.14025116,1
34.54201889,69.30950928,1
34.50679016,69.14974976,1
34.57563019,69.18534851,1
34.56544876,69.74848175,1
34.54201889,69.30950928,1
34.83108902,69.13500977,1
34.5098381,69.16123199,1
34.35926819,69.13049316,1
34.56478882,69.20275879,1
34.57561111,69.2016983,1
34.53057098,69.16345215,1
34.47597122,69.12771606,1
34.54579163,69.23432159,1
34.5341301,69.20269012,1
34.85327148,69.13498688,1
34.51792145,69.1830368,1
34.85327148,69.13498688,1
34.5655899,69.25617981,1
34.54145813,69.10899353,1
34.53290176,69.15763855,1
34.52117157,69.34866333,1
34.51882172,69.18412781,1
34.52782822,69.18742371,1
34.75244904,69.13437653,1
34.55091858,69.2542038,1
34.58201981,69.1253891,1
34.54589844,69.15804291,1
34.75244904,69.13437653,1
34.53115082,69.19571686,1
34.5202713,69.34866333,1
34.53321075,69.21140289,1
34.58081818,69.29984283,1
34.516819,69.28531647,1
34.49655151,69.27776337,1
34.51667023,69.18332672,1
34.56206894,69.21257019,1
34.38615036,69.24693298,1
34.75244904,69.13437653,1
34.5598793,69.36952972,1
34.75244904,69.13437653,1
34.30233002,69.39048004,1
34.75244904,69.13437653,1
34.75244904,69.13437653,1
34.52972031,69.11876678,1
34.54201889,69.30950928,1
34.75244904,69.13437653,1
34.54219818,69.22559357,1
34.52896118,69.1383667,1
34.46118164,69.127388,1
34.53065109,69.0893631,1
34.75244904,69.13437653,1
34.75244904,69.13437653,1
34.52146912,69.21791077,1
34.35797882,69.01740265,1
34.72351074,69.83553314,1
34.53448868,69.27610779,1
34.51081848,69.07080841,1
34.60987091,69.69477844,1
34.45256042,69.13437653,1
34.32318115,69.14674377,1
34.62036896,69.34908295,1
34.46197128,69.20904541,1
34.51667023,69.18332672,1
34.51792145,69.1830368,1
34.51792145,69.1830368,1
34.59957886,69.75794983,1
34.54837036,69.29427338,1
34.59379959,68.95420074,1
34.52436066,69.05883789,1
34.79352951,69.24688721,1
34.54764938,69.19317627,1
34.52334976,69.17215729,1
34.60095978,69.67617035,1
34.6476593,69.25097656,1
34.78297043,69.23171234,1
34.52354431,69.17006683,1
34.52354431,69.17006683,1
34.49599075,69.32241058,1
34.43489838,69.20025635,1
34.52460861,69.29218292,1
34.54843903,69.26157379,1
34.49787903,69.31981659,1
34.53956985,69.09361267,1
34.55752945,69.40220642,1
34.55125046,69.20818329,1
34.62504959,69.282547,1
34.72079849,69.83659363,1
34.77930069,69.24320221,1
34.59333038,69.74698639,1
34.63417816,69.22039032,1
34.55755997,69.20710754,1
34.58023834,69.10249329,1
34.53065109,69.09262085,1
34.53067017,69.05448914,1
34.46575165,68.97059631,1
34.35380936,69.1652832,1
34.55580902,69.68669891,1
34.5439415,69.25829315,1
34.5351181,69.13622284,1
34.84738922,69.22897339,1
34.54653931,69.30299377,1
34.53594971,69.19069672,1
34.84944153,69.2264328,1
34.53815079,69.25615692,1
34.5593605,69.21365356,1
34.53906631,69.21349335,1
34.55316162,69.12970734,1
34.35918045,69.19573975,1
34.49419022,69.32241058,1
34.51794815,69.16342926,1
34.60734177,68.99454498,1
34.63393402,69.22037506,1
34.54201889,69.30623627,1
34.5393219,69.30513,1
34.53865814,69.18525696,1
34.54146576,69.30667877,1
34.5443306,69.23394775,1
34.53868866,69.21406555,1
34.83550644,69.17127991,1
34.49771118,69.35073853,1
34.86666107,69.21665955,1
34.55755997,69.20928955,1
34.53027344,69.18026733,1
34.54298782,69.27355194,1
34.46105957,69.21012878,1
34.3429184,69.21201324,1
34.3429184,69.21201324,1
34.56309891,69.37304688,1
34.3411293,69.20657349,1
34.78271103,69.84092712,1
34.36456299,69.21533203,1
34.63225174,69.28694153,1
34.45098877,69.47766113,1
34.52061081,69.09729767,1
34.53335953,69.18914032,1
34.53105927,69.18065643,1
34.53344727,69.67503357,1
34.34292221,69.21200562,1
34.52215958,68.99495697,1
34.55389404,69.24197388,1
34.53239822,69.1427536,1
34.51259232,69.11766052,1
34.53335953,69.0817337,1
34.57186127,69.27583313,1
34.35649109,69.18269348,1
34.54854965,69.20272064,1
34.52073288,69.09261322,1
34.54481888,69.26809692,1
34.47851181,69.4193573,1
34.54919815,69.35281372,1
34.5215683,69.15254211,1
34.50078964,69.18408966,1
34.54824829,69.33786774,1
34.54382706,69.29971313,1
34.54650116,69.31200409,1
34.54383087,69.29971313,1
34.84378815,69.15408325,1
34.55241013,69.72917938,1
34.52756882,69.23786926,1
34.56024933,69.36932373,1
34.56613159,69.39244843,1
34.69797516,69.32974243,1
34.84917068,69.23082733,1
34.52136612,69.27239227,1
34.58839417,68.95965576,1
34.52707291,69.16799164,1
34.84438705,69.15390778,1
34.39014435,69.17688751,1
34.51062393,69.23421478,1
34.49892044,69.22329712,1
34.65070724,69.79988098,1
34.58211899,68.93000031,1
34.85327148,69.13498688,1
34.53324509,69.18307495,1
34.55531311,69.20580292,1
34.49000549,69.15574646,1
34.55288696,69.2056427,1
34.39440918,69.15666199,1
34.5495491,69.13625336,1
34.52165604,69.0533905,1
34.54584503,69.20489502,1
34.57072067,69.36521912,1
34.52244949,69.17106628,1
34.55773163,68.95639801,1
34.48558426,69.21749115,1
34.40116882,69.18615723,1
34.57822418,69.72483063,1
34.52842331,69.16835022,1
34.34621048,69.35227966,1
34.58472061,69.11992645,1
34.52841568,69.16835022,1
34.52237701,69.20158386,1
34.51882553,69.17649078,1
34.54933929,69.26267242,1
34.49768448,69.3627243,1
34.51343918,69.16668701,1
34.52247238,69.15582275,1
34.5558548,69.14279175,1
34.82804108,69.24058533,1
34.59141922,69.76331329,1
34.43809509,69.76737213,1
34.51125336,69.00481415,1
34.51869965,69.53386688,1
34.53036118,69.11463165,1
34.53860855,69.21469116,1
34.65929031,69.19503021,1
34.52740097,69.31663513,1
34.54854584,69.20163727,1
34.54862595,69.21471405,1
34.52978134,69.18963623,1
34.36005783,69.21205902,1
34.58612061,69.34237671,1
34.76582336,69.23822021,1
34.36016083,69.21040344,1
34.53419876,69.19039917,1
34.53419876,69.19039917,1
34.53146362,69.17543793,1
34.34024811,69.19352722,1
34.34019852,69.1934967,1
34.81874084,69.24145508,1
34.64538956,69.78564453,1
34.53501129,69.21250153,1
34.71759796,69.77540588,1
34.51793671,69.19171906,1
34.49160004,69.26899719,1
34.35912323,69.22945404,1
34.52159882,69.13069916,1
34.35549927,69.21199799,1
34.51238632,69.53382874,1
34.51238632,69.53382874,1
34.54388428,69.26695251,1
34.52164459,69.07627106,1
34.54495239,69.19944763,1
34.59489441,69.25736237,1
34.3538208,69.16310883,1
34.56567383,69.21148682,1
34.34122467,69.13916779,1
34.5189209,69.10132599,1
34.52296829,69.35084534,1
34.54121399,69.22231293,1
34.51259995,69.10894775,1
34.54203796,69.30079651,1
34.33666992,69.04213715,1
34.36906433,69.21969604,1
34.53950882,69.21795654,1
34.61838913,69.71863556,1
34.50984955,69.15361023,1
34.50082779,69.15576935,1
34.52165604,69.05448151,1
34.56122971,69.49925232,1
34.52706909,69.05012512,1
34.51937103,69.3475647,1
34.35374832,69.21095276,1
34.39069748,69.22518921,1
34.49692535,69.31043243,1
34.5487175,68.96730042,1
34.58478546,68.95638275,1
34.52786636,69.16671753,1
34.52761459,69.2996521,1
34.6003952,68.99672699,1
34.37445831,69.22840881,1
34.37508774,69.22927856,1
34.58593369,69.77635956,1
34.81739426,69.11502838,1
34.63677597,69.7201004,1
34.31019974,69.38101196,1
34.60797501,69.71112823,1
34.51349258,69.12201691,1
34.44239426,69.80006409,1
34.50262833,69.15686035,1
34.6317215,69.26714325,1
34.75177765,69.2620697,1
34.59051132,69.7654953,1
34.52975845,69.08063507,1
34.75134277,69.26221466,1
34.75134277,69.26221466,1
34.49669647,69.32267761,1
34.606987,69.72529602,1
34.55989456,69.36734772,1
34.59643936,69.74128723,1
34.46108627,69.19706726,1
34.59444427,69.25627136,1
34.46108627,69.19706726,1
34.54297638,69.28553772,1
34.36639786,69.19684601,1
34.66463852,69.11842346,1
34.56116486,69.21147919,1
34.3367157,69.13916016,1
34.63679123,69.27385712,1
34.53643799,69.37051392,1
34.53672028,69.33868408,1
34.54841995,69.2724762,1
34.76472473,69.23673248,1
34.64517593,69.81837463,1
34.65240097,69.8301239,1
34.52872467,69.19613647,1
34.64517593,69.81837463,1
34.58680725,69.25667572,1
34.55292511,69.27358246,1
34.7693367,69.28085327,1
34.64971924,69.70000458,1
34.58930206,68.97274017,1
34.58930206,68.97274017,1
34.5487175,68.96730042,1
34.34212875,69.1359024,1
34.51895905,69.02506256,1
34.55492401,69.16458893,1
34.59922409,69.00436401,1
34.57570648,69.13083649,1
34.60192871,68.99454498,1
34.34297943,69.17722321,1
34.35918427,69.19573975,1
34.35918427,69.19573975,1
34.53053665,69.19178772,1
34.40884018,69.15777588,1
34.56762314,68.98410797,1
34.58479309,68.9890976,1
34.39983749,69.14252472,1
34.74308014,69.8739624,1
34.58272171,69.25623322,1
34.52165985,69.0435791,1
34.52449417,69.06267548,1
34.33393478,69.19351196,1
34.33393478,69.19351196,1
34.54291916,69.30951691,1
34.5134201,69.18084717,1
34.53058624,69.19462585,1
34.5837822,69.68366241,1
34.43863678,69.2780304,1
34.51886368,69.15471649,1
34.55568695,69.24742889,1
34.56936646,69.68136597,1
34.56667328,69.67916107,1
34.43953323,69.12953186,1
34.34658051,69.17940521,1
34.56232452,69.80121613,1
34.56232452,69.80121613,1
34.36006546,69.20661926,1
34.36006546,69.20661926,1
34.50986862,69.13617706,1
34.32585144,69.17175293,1
34.36545944,69.21750641,1
34.36608887,69.21783447,1
34.5539093,69.23434448,1
34.52783966,69.1852417,1
34.57015991,69.22457886,1
34.60953903,69.35121155,1
34.54578781,69.2375946,1
34.5402298,69.30296326,1
34.52579498,69.30509186,1
34.51883698,69.17541504,1
34.35871506,69.39147949,1
34.35871506,69.39147949,1
34.55773926,69.0294342,1
34.37716293,69.22949982,1
34.53239822,69.150383,1
34.52435684,69.0610199,1
34.54205322,69.29534149,1
34.78024673,69.240448,1
34.31506729,69.14237976,1
34.51983261,69.08716583,1
34.5198555,69.0435791,1
34.55847168,69.20492554,1
34.5198555,69.0435791,1
34.53772736,69.20597076,1
34.56655884,69.22020721,1
34.36005402,69.2131424,1
34.36907578,69.21316528,1
34.38546753,69.07940674,1
34.35915756,69.21096802,1
34.34171295,69.17982483,1
34.34171295,69.17982483,1
34.55120468,69.23433685,1
34.56621552,69.21192169,1
34.54178619,69.34885406,1
34.45398331,69.11104584,1
34.50279617,69.8028183,1
34.72143555,69.38345337,1
34.50279617,69.8028183,1
34.72135544,69.38335419,1
34.45759583,69.10124969,1
34.53422928,69.12422943,1
34.45759583,69.10124969,1
34.49930954,69.08448792,1
34.41053772,69.22415161,1
34.56114197,69.22346497,1
34.40422821,69.22304535,1
34.56213379,69.68457794,1
34.56234741,69.79794312,1
34.53594208,69.19397736,1
34.77081299,69.83755493,1
34.59269714,69.33424377,1
34.59269714,69.33424377,1
34.57287598,69.2180481,1
34.44974136,69.40823364,1
34.51255417,69.15251923,1
34.5017395,69.14814758,1
34.58929825,68.96183777,1
34.36061096,69.36104584,1
34.54380417,69.3160553,1
34.5392952,69.31604004,1
34.50625992,69.13616943,1
34.51936722,69.34864807,1
34.59162521,69.73061371,1
34.51408768,69.29851532,1
34.34658051,69.18048859,1
34.50347519,69.19608307,1
34.34658051,69.18048859,1
34.32315826,69.16304779,1
34.54965973,69.80763245,1
34.54690933,69.30026245,1
34.52805328,69.31109619,1
34.54561234,69.31388855,1
34.56584549,69.2124176,1
34.54354858,69.31012726,1
34.53622055,69.3021698,1
34.53622055,69.3021698,1
34.54965973,69.80763245,1
34.5305748,69.16563416,1
34.5300827,69.19223785,1
34.57352448,69.7413559,1
34.53032684,69.19231415,1
34.53243256,69.11769104,1
34.53243256,69.11769104,1
34.53004074,69.19217682,1
34.72044373,69.2697525,1
34.53004074,69.19217682,1
34.52576447,69.31707764,1
34.37088394,69.14813232,1
34.55076599,69.33325958,1
34.54959869,69.03969574,1
34.52022171,69.48838806,1
34.51244736,69.22333527,1
34.79356384,69.24674988,1
34.31978989,69.15266418,1
34.36361313,69.18781281,1
34.50808334,69.11765289,1
34.49082565,69.21021271,1
34.53145599,69.17871094,1
34.55101395,69.23989868,1
34.53384781,69.16516113,1
34.52033615,69.03929901,1
34.54575729,69.26099396,1
34.58832169,69.75479126,1
34.56396484,69.14607239,1
34.52244568,69.17324066,1
34.57200623,69.19950867,1
34.59647751,69.67067719,1
34.34207153,69.17939758,1
34.52125168,69.04748535,1
34.5287323,69.19178009,1
34.59427643,69.2033844,1
34.55260849,69.21115112,1
34.52909088,69.19297791,1
34.48101425,69.13394928,1
34.49327087,69.13974762,1
34.61442184,69.17997742,1
34.51264954,69.29785156,1
34.57200623,69.19950867,1
34.76495743,69.21855164,1
34.65444946,69.73552704,1
34.54399109,69.23323059,1
34.4453125,69.7674408,1
34.49982071,69.41677856,1
34.52412796,69.05535889,1
34.33934784,69.19351959,1
34.35435867,69.16420746,1
34.60570908,69.07987976,1
34.51242447,69.23423004,1
34.54867172,69.25523376,1
34.51205063,69.11840057,1
34.51210403,69.11845398,1
34.564888,69.6758728,1
34.55179596,69.20480347,1
34.57200623,69.19950867,1
34.59184265,69.62702179,1
34.54426193,69.26874542,1
34.35832214,69.16855621,1
34.57585144,69.72212219,1
34.56830215,69.18109894,1
34.53969574,69.04359436,1
34.57200623,69.19950867,1
34.71356964,69.82538605,1
34.52936554,69.19134521,1
34.52436066,69.05774689,1
34.71367645,69.82319641,1
34.56988907,69.27004242,1
34.71463776,69.82659149,1
34.63999939,69.78231812,1
34.48883057,69.30168915,1
34.70877457,69.81474304,1
34.55393982,69.36249542,1
34.36096573,69.20878601,1
34.70872879,69.82285309,1
34.72157288,69.8289566,1
34.49641418,69.27574921,1
34.43592072,69.12734985,1
34.56198883,69.68654633,1
34.70991516,69.82223511,1
34.69475174,69.09287262,1
34.55727386,69.33790588,1
34.54395676,69.25066376,1
34.43078995,69.12461853,1
34.72766876,69.84581757,1
34.49271774,69.1492157,1
34.58409882,69.68534088,1
34.53155899,69.19525909,1
34.37981033,69.25778961,1
34.71089554,69.82120514,1
34.54021835,69.30841827,1
34.43852615,69.33660126,1
34.43523788,69.36038208,1
34.56455994,69.0933609,1
34.77349091,69.23649597,1
34.73966599,69.26266479,1
34.56143951,69.79902649,1
34.73132324,69.84798431,1
34.50975418,69.28574371,1
34.86139297,69.20861053,1
34.52258682,69.0521698,1
34.8054924,69.22797394,1
34.57200623,69.19950867,1
34.373703,69.60759735,1
34.37639999,69.61319733,1
34.3459053,69.58023834,1
34.53568649,69.17996979,1
34.34469604,69.58245087,1
34.36532974,69.58469391,1
34.55148315,69.30020905,1
34.67413712,69.80228424,1
34.71278,69.82231903,1
34.56233978,69.79903412,1
34.34476471,69.18809509,1
34.52162933,69.09806061,1
34.75824738,69.8702774,1
34.56348801,69.37162018,1
34.67224503,69.28100586,1
34.35762787,69.11154175,1
34.36273193,69.18160248,1
34.43593216,69.76724243,1
34.42396164,69.76343536,1
34.57577133,68.96729279,1
34.54072189,69.22138214,1
34.33132172,69.19132996,1
34.60210419,69.25052643,1
34.57200623,69.19950867,1
34.54611588,69.30447388,1
34.52345276,69.06646729,1
34.36054993,69.20905304,1
34.50928879,69.19779205,1
34.58671951,69.79312897,1
34.73534393,69.81926727,1
34.49641418,69.27574921,1
34.34117889,69.17395782,1
34.53065491,69.08608246,1
34.58734512,68.97118378,1
34.56999588,69.67983246,1
34.54156876,69.30950928,1
34.56023026,69.22891235,1
34.33961487,69.19471741,1
34.71337891,69.82445526,1
34.74217224,69.85559082,1
34.73534393,69.81926727,1
34.74176788,69.85548401,1
34.70918274,69.82118988,1
34.47205734,68.94555664,1
34.73063278,69.84870911,1
34.32722473,69.18206787,1
34.57286453,68.9952774,1
34.50798035,69.19935608,1
34.5243454,69.08171844,1
34.35481262,69.11567688,1
34.58590317,69.37608337,1
34.35308075,69.14797211,1
34.35290146,69.14664459,1
34.37374115,69.08124542,1
34.62036133,69.35125732,1
34.36639404,69.19793701,1
34.35714722,69.15680695,1
34.48551941,69.13613892,1
34.52309036,69.35883331,1
34.45846939,69.13391876,1
34.52154922,69.16997528,1
34.509758,69.21352386,1
34.54320908,69.05580139,1
34.53165436,69.0785675,1
34.35758591,69.19121552,1
34.44254684,68.91133118,1
34.54660034,69.20625305,1
34.48911285,69.14790344,1
34.57935715,69.59869385,1
34.5859642,69.77145386,1
34.57570267,69.29721832,1
34.36549759,69.195755,1
34.3539238,69.19583893,1
34.81739426,69.11502838,1
34.53162384,69.33561707,1
34.38463593,69.1828537,1
34.36839676,69.14646149,1
34.58370209,69.21698761,1
34.40140915,69.43302155,1
34.35938644,69.15309143,1
34.36639404,69.19793701,1
34.36194992,69.21323395,1
34.52245331,69.05020905,1
34.61003876,69.04580688,1
34.63103104,69.77459717,1
34.56890869,69.35334778,1
34.54489899,69.14811707,1
34.78262711,69.89164734,1
34.32311249,69.17620087,1
34.56652832,69.12124634,1
34.35940552,69.15306091,1
34.57066727,69.19078827,1
34.50345612,69.20697021,1
34.3531723,69.13912201,1
34.35706329,69.13748169,1
34.57867432,69.72472382,1
34.56797791,69.14615631,1
34.54856491,69.19618225,1
34.56671143,69.184021,1
34.3202858,69.14407349,1
34.56671143,69.184021,1
34.49081802,69.21401978,1
34.35669708,69.18326569,1
34.39086151,69.23443604,1
34.53968048,69.07628632,1
34.7170105,69.86277008,1
34.46544647,69.27547455,1
34.55743408,68.93522644,1
34.71699142,69.33670044,1
34.7154274,69.83107758,1
34.41264725,69.38422394,1
34.59752655,69.18427277,1
34.6851387,69.0794754,1
34.45828629,69.25041199,1
34.55244064,69.19691467,1
34.71541977,69.83216858,1
34.50873566,69.20446014,1
34.50873566,69.20446014,1
34.53126144,69.18836212,1
34.48550034,69.15247345,1
34.67464828,69.28162384,1
34.43593597,69.11864471,1
34.5245285,69.16694641,1
34.52397156,69.18043518,1
34.47624588,69.28530884,1
34.54396057,69.24958038,1
34.50523376,69.22277069,1
34.56524277,69.38700104,1
34.51429749,69.19610596,1
34.50170135,69.17537689,1
34.56204605,69.2234726,1
34.3456459,69.20223236,1
34.58478928,68.96728516,1
34.71009064,69.82010651,1
34.50529861,69.20614624,1
34.74413681,69.85212708,1
34.49541092,69.1601181,1
34.85519028,69.18597412,1
34.51242447,69.23423004,1
34.75754547,69.86865234,1
34.5205574,69.06756592,1
34.50615692,69.20915985,1
34.5070343,69.22441101,1
34.7758255,69.83386993,1
34.51252747,69.17430878,1
34.50325012,69.30500793,1
34.59303284,69.43619537,1
34.55481339,69.52428436,1
34.35653305,69.15800476,1
34.71707916,69.85293579,1
34.52933121,69.16446686,1
34.40602875,69.16777802,1
34.50061417,69.40597534,1
34.71254349,69.27301788,1
34.36483002,69.16446686,1
34.57551956,69.25076294,1
34.34072876,69.14434814,1
34.35289383,69.14744568,1
34.54396057,69.24958038,1
34.35271454,69.14682007,1
34.57200623,69.19950867,1
34.360672,69.57962036,1
34.35567474,69.61495209,1
34.6026535,69.20722198,1
34.62088394,69.21999359,1
34.72794342,69.84649658,1
34.72794342,69.84649658,1
34.53335571,69.09262848,1
34.48778152,68.96208954,1
34.35411453,69.17149353,1
34.54664993,69.25721741,1
34.54854584,69.20817566,1
34.57387161,69.21759033,1
34.34130096,69.0,1
34.55112839,69.27030945,1
34.69934845,69.80799103,1
34.53024292,69.20573425,1
34.5399971,69.19561768,1
34.73226166,69.85046387,1
34.72437668,69.84099579,1
34.63855362,69.2913208,1
34.54466629,69.33132172,1
34.58503342,69.30563354,1
34.3538475,69.14950562,1
34.69157028,69.25521851,1
34.57027435,69.68028259,1
34.36489487,69.15561676,1
34.5093689,69.19343567,1
34.53910065,69.19452667,1
34.57267761,69.31071472,1
34.73095322,69.20253754,1
34.52863693,69.16531372,1
34.62691116,69.12049103,1
34.53772736,69.20705414,1
34.73039627,69.34603882,1
34.33750916,69.21417236,1
34.43442917,69.40020752,1
34.63593292,69.85101318,1
34.43442917,69.40020752,1
34.7194252,69.83953094,1
34.74975967,69.85887146,1
34.37725067,69.17403412,1
34.46018219,69.20033264,1
34.53006744,69.32437134,1
34.55112839,69.27030945,1
34.51893616,69.47666931,1
34.56315994,69.53349304,1
34.59376907,69.37840271,1
34.73718262,69.8536911,1
34.50065613,69.40603638,1
34.5392952,69.31604004,1
34.7122879,69.8204422,1
34.58517075,69.12733459,1
34.54402161,69.23145294,1
34.47634125,69.23957825,1
34.56416702,69.79577637,1
34.81921005,69.241539,1
34.45285416,69.25910187,1
34.44840622,69.5225296,1
34.5306282,69.11986542,1
34.53922653,69.19376373,1
34.44128799,68.91496277,1
34.53412628,69.20159912,1
34.36687088,69.21887207,1
34.47958374,69.19081879,1
34.54417038,69.26054382,1
34.57366562,69.23091125,1
34.52541733,69.18890381,1
34.51874924,69.47566223,1
34.59860992,69.25273895,1
34.53861237,69.21469116,1
34.53068161,69.03269196,1
34.56803894,69.21476746,1
34.51973724,69.17650604,1
34.81919861,69.24175262,1
34.53289413,69.17089081,1
34.66594315,69.05457306,1
34.81919861,69.24175262,1
34.82819366,69.14216614,1
34.53646851,69.18624878,1
34.73104477,69.85829926,1
34.59845352,69.39958191,1
34.38528824,69.22299957,1
34.49906921,69.11600494,1
34.35505295,69.40777588,1
34.36891556,69.60569763,1
34.36925507,69.60613251,1
34.53911972,69.18167114,1
34.54335785,69.0822525,1
34.57329941,69.19247437,1
34.57006836,69.21593475,1
34.52588272,69.18695831,1
34.52245712,69.18537903,1
34.56082916,69.24194336,2
34.32276917,69.38054657,2
34.5566597,69.76972198,2
34.46915817,69.25250244,2
34.58721924,69.73610687,2
34.58972168,69.76277924,2
34.72721863,69.3172226,2
34.502491,69.30832672,2
34.5216713,69.16889191,2
34.83110809,69.15471649,2
34.5216713,69.16889191,2
34.57472992,69.17223358,2
34.82915878,69.24221802,2
34.78305054,69.23916626,2
34.88249969,69.20942688,2
34.54582977,69.26000214,2
34.86054993,69.22888947,2
34.87223053,69.16500092,2
34.51139069,69.3125,2
34.88055038,69.18055725,2
34.56832886,69.23526764,2
34.57056046,69.40000153,2
34.50276947,69.06667328,2
34.53979111,69.1671524,2
34.54526901,69.26847076,2
34.54526901,69.28016663,2
34.73542023,69.80834198,2
34.54021072,69.30950165,2
34.74544144,69.7931366,2
34.63138962,69.71569061,2
34.54586029,69.26006317,2
34.36920166,69.15126801,2
34.48865891,69.36485291,2
34.58555984,69.37609863,2
34.54586029,69.26006317,2
34.51805115,69.02723694,2
34.36606979,69.19753265,2
34.54756165,69.25415039,2
34.55408859,69.32198334,2
34.55408859,69.32198334,2
34.76610947,69.80209351,2
34.66022873,69.09790039,2
34.56093979,69.31611633,2
34.55408859,69.32198334,2
34.84835052,69.22544861,2
34.72618103,69.84101868,2
34.81581879,69.22579193,2
34.83026886,69.07639313,2
34.84135437,69.14889526,2
34.84135437,69.14889526,2
34.83026886,69.07639313,2
34.74958038,69.83371735,2
34.54021072,69.30950165,2
34.83839035,69.24260712,2
34.5467186,69.25998688,2
34.55408859,69.32198334,2
34.50363159,68.98911285,2
34.54391098,69.26920319,2
34.55408859,69.32198334,2
34.63039017,69.31201935,2
34.54772949,69.25733185,2
34.54772949,69.25733185,2
34.56029129,69.36988831,2
34.45389175,69.11081696,2
34.54772949,69.25733185,2
34.56029129,69.36988068,2
34.54391098,69.26920319,2
34.54473114,69.30734253,2
34.75625992,69.12373352,2
34.54391098,69.26920319,2
34.56071091,69.21838379,2
34.55408859,69.32198334,2
34.8144989,69.24382782,2
34.55408859,69.32198334,2
34.60440063,69.07417297,2
34.54663849,69.25830841,2
34.54663849,69.25830841,2
34.53142166,69.20159149,2
34.53506851,69.16364288,2
34.54201889,69.30950928,2
34.56576157,69.21224976,2
34.51210022,69.11795044,2
34.51398087,69.33773041,2
34.54391098,69.26920319,2
34.54389954,69.26920319,2
34.79737091,69.24487305,2
34.54389954,69.26920319,2
34.54389954,69.26920319,2
34.75244904,69.13437653,2
34.75244904,69.13437653,2
34.7533493,69.13439178,2
34.54389954,69.26920319,2
34.54389954,69.26920319,2
34.54389954,69.26920319,2
34.54389954,69.26920319,2
34.45513916,69.10935974,2
34.5202713,69.34866333,2
34.54389954,69.26920319,2
34.54389954,69.26920319,2
34.54389954,69.26920319,2
34.51667023,69.18332672,2
34.54389954,69.26920319,2
34.54389954,69.26920319,2
34.49174118,69.19822693,2
34.51667023,69.18332672,2
34.52965164,69.17978668,2
34.54557037,69.36081696,2
34.4095993,69.40590668,2
34.54653931,69.30299377,2
34.54663849,69.25393677,2
34.56877136,69.21032715,2
34.54627991,69.25971985,2
34.54627991,69.25971985,2
34.5,68.93332672,2
34.54388046,69.28227234,2
34.57094955,69.27800751,2
34.55746078,69.25507355,2
34.53103638,69.18222046,2
34.75244904,69.13437653,2
34.55023956,69.25285339,2
34.54386902,69.26693726,2
34.61125183,69.38173676,2
34.55932999,69.22889709,2
34.53065872,69.07627106,2
34.53506851,69.16364288,2
34.54389954,69.26920319,2
34.55027008,69.24960327,2
34.55213165,69.36927795,2
34.54627991,69.26026917,2
34.54383087,69.29971313,2
34.51158905,69.19500732,2
34.54586029,69.26006317,2
34.54817963,69.24999237,2
34.56760025,69.11665344,2
34.87950897,69.20243835,2
34.54624176,69.23399353,2
34.50347137,69.20041656,2
34.51688004,69.26257324,2
34.54389954,69.26920319,2
34.54389954,69.26920319,2
34.56568146,69.20821381,2
34.54391098,69.26920319,2
34.54391098,69.26920319,2
34.54390717,69.26919556,2
34.54627991,69.26026154,2
34.53861618,69.2135849,2
34.54388046,69.26693726,2
34.54391098,69.26920319,2
34.54386902,69.26693726,2
34.64138031,69.78388977,2
34.54389954,69.26920319,2
34.84405136,69.24671173,2
34.43811798,69.76410675,2
34.54389954,69.26920319,2
34.32585144,69.17175293,2
34.54391098,69.26920319,2
34.54391098,69.26920319,2
34.58920288,69.68152618,2
34.26826096,69.4436264,2
34.346241,69.57952118,2
34.54166031,69.30568695,2
34.53654861,69.20716095,2
34.56584167,69.21240997,2
34.72499847,69.82383728,2
34.80080032,69.24269867,2
34.80080032,69.24269867,2
34.58531952,69.30422211,2
34.53421021,69.19039917,2
34.72041702,69.36587524,2
34.64461517,69.27940369,2
34.49654388,69.64047241,2
34.36670685,69.6324234,2
34.6195488,69.56723785,2
34.81811905,69.24056244,2
34.48260117,69.71550751,2
34.63003922,69.28818512,2
34.50878143,69.71028137,2
34.50878143,69.71028137,2
34.52973175,69.17987061,2
34.49808121,69.18408203,2
34.52159882,69.13074493,2
34.57118988,69.67810822,2
34.50350189,69.16320038,2
34.58349228,69.73381805,2
34.55007553,69.74224091,2
34.42690277,69.13495636,2
34.45401001,68.92378998,2
34.54397964,69.26042175,2
34.55838394,69.70961761,2
34.52243042,69.18522644,2
34.50435638,69.69608307,2
34.40423203,69.22087097,2
34.50912094,69.64927673,2
34.43878174,69.80111694,2
34.57697678,69.76646423,2
34.29572296,69.58352661,2
34.50014496,69.6415863,2
34.62578964,69.29040527,2
34.71279526,69.11685181,2
34.43790054,69.79784393,2
34.28586578,69.57041931,2
34.51271057,69.65257263,2
34.50082779,69.15576935,2
34.50257492,69.69171143,2
34.4621315,69.06750488,2
34.43185806,69.75534058,2
34.50436783,69.69390869,2
34.43321228,69.13713837,2
34.63397217,69.56842804,2
34.66593933,69.06549072,2
34.48205566,69.65124512,2
34.50432205,69.70153046,2
34.73809814,68.9868927,2
34.28948212,69.56826782,2
34.5911026,68.95965576,2
34.50432205,69.70153046,2
34.53121185,69.55900574,2
34.52862167,69.71044922,2
34.63705444,69.10583496,2
34.44949722,69.08055878,2
34.50705338,69.69719696,2
34.53369141,69.20277405,2
34.50180054,69.08387756,2
34.39220047,69.58745575,2
34.49903488,69.14596558,2
34.530159,69.35959625,2
34.50432968,69.70043945,2
34.46525574,69.28681946,2
34.43680573,69.69693756,2
34.5180397,69.07081604,2
34.54544067,69.25738525,2
34.47870255,69.76338959,2
34.50167847,69.69061279,2
34.51263428,69.06536865,2
34.38716507,69.17840576,2
34.52060318,69.1993866,2
34.55939102,69.36988831,2
34.58929825,68.95747375,2
34.63420486,69.70341492,2
34.56876755,69.21034241,2
34.54704285,69.25418854,2
34.31952286,69.14187622,2
34.50082779,69.15576935,2
34.68578339,69.05567932,2
34.58883667,69.74476624,2
34.57812119,69.29294586,2
34.54391861,69.26919556,2
34.55413437,69.00653839,2
34.53055573,69.17979431,2
34.54704285,69.25418854,2
34.54704285,69.25418854,2
34.57193375,68.98878479,2
34.55142975,69.00327301,2
34.5667572,69.01308441,2
34.59291077,68.9890976,2
34.59741211,68.95419312,2
34.61365128,68.98363495,2
34.73223495,69.11701965,2
34.57387543,69.68139648,2
34.57026672,69.6813736,2
34.57026672,69.6813736,2
34.63327408,69.70261383,2
34.56029129,69.36989594,2
34.57512665,69.39794922,2
34.85196686,69.25306702,2
34.6830864,69.037117,2
34.54704285,69.25418854,2
34.54391861,69.26919556,2
34.52150726,69.19939423,2
34.60956955,69.34030151,2
34.57387543,69.68139648,2
34.52157211,69.15254211,2
34.56666565,69.68025208,2
34.54704285,69.25418854,2
34.54392624,69.26483154,2
34.56652451,69.23983002,2
34.64769363,69.56710052,2
34.63597107,69.70372772,2
34.54391861,69.26919556,2
34.57373428,69.24203491,2
34.58286285,69.6869278,2
34.6088028,69.72312927,2
34.56024551,69.36985779,2
34.51864243,69.11254883,2
34.52324295,69.22777557,2
34.59926605,69.65543365,2
34.52087402,69.19956207,2
34.52087402,69.19956207,2
34.63597107,69.70372772,2
34.54391861,69.26919556,2
34.54391861,69.26919556,2
34.54850769,69.22888184,2
34.63685989,69.70591736,2
34.63685989,69.70591736,2
34.55939484,69.50687408,2
34.54191208,69.34885406,2
34.64339447,69.06874084,2
34.64339447,69.06874084,2
34.49172592,69.21130371,2
34.48245621,69.73946381,2
34.45515442,69.10984802,2
34.54201889,69.30950928,2
34.53574371,69.20618439,2
34.5287323,69.19243622,2
34.54704285,69.25418854,2
34.54022217,69.30992889,2
34.54704285,69.25418854,2
34.45510101,69.10974884,2
34.51036072,69.15432739,2
34.70107651,69.11083221,2
34.54704285,69.25418854,2
34.55575943,69.20764923,2
34.54636383,69.25968933,2
34.54391861,69.26919556,2
34.54391861,69.26919556,2
34.63393402,69.57601929,2
34.63393402,69.57601929,2
34.57374191,69.2376709,2
34.53654099,69.19293213,2
34.55889893,69.21800995,2
34.63438416,69.04909515,2
34.54764175,69.03891754,2
34.63438416,69.04909515,2
34.54764175,69.03891754,2
34.52087402,69.19956207,2
34.52087402,69.19956207,2
34.54391861,69.26919556,2
34.5341835,69.16345978,2
34.54391861,69.26919556,2
34.63793564,69.70701599,2
34.33576202,69.17884064,2
34.54704285,69.25418854,2
34.61787796,69.71339417,2
34.54402924,69.23144531,2
34.54626465,69.25974274,2
34.49714279,69.20695496,2
34.55075455,69.23412323,2
34.54394531,69.25611877,2
34.53232193,69.20159912,2
34.52060318,69.1993866,2
34.54389954,69.27682495,2
34.53054428,69.18524933,2
34.59228134,69.38687134,2
34.53780365,69.15474701,2
34.51250076,69.19065094,2
34.54626465,69.25963593,2
34.52986145,69.1576767,2
34.54398727,69.23432159,2
34.85900879,69.16300201,2
34.55575943,69.51338959,2
34.59603882,69.74668121,2
34.58832169,69.75479126,2
34.55184937,69.34224701,2
34.54638672,69.14277649,2
34.53233337,69.1961441,2
34.60762405,69.69313049,2
34.51407623,69.11562347,2
34.54626465,69.25974274,2
34.54453278,69.31408691,2
34.54292297,69.30788422,2
34.5402298,69.30992889,2
34.53660202,69.19273376,2
34.54626465,69.25974274,2
34.56212234,69.68675232,2
34.54391861,69.26919556,2
34.56206131,69.21529388,2
34.54647827,69.26099396,2
34.5786438,69.29305267,2
34.54626465,69.25974274,2
34.54626465,69.25974274,2
34.54647827,69.26099396,2
34.54626465,69.25974274,2
34.54393005,69.26374817,2
34.54592514,69.15040588,2
34.54626465,69.25974274,2
34.54626465,69.25974274,2
34.54626465,69.25974274,2
34.54626465,69.25974274,2
34.54626465,69.25974274,2
34.63790131,69.705513,2
34.53042984,69.25062561,2
34.54395676,69.25066376,2
34.54393768,69.25938416,2
34.54486084,69.24958038,2
34.52139282,69.18507385,2
34.54626465,69.25974274,2
34.52425003,69.17433929,2
34.54626465,69.25974274,2
34.41228867,69.14004517,2
34.54626465,69.25974274,2
34.54626465,69.25974274,2
34.67032623,69.1855545,2
34.54626465,69.25974274,2
34.54626465,69.25974274,2
34.54291534,69.31060791,2
34.56029129,69.36989594,2
34.53593826,69.19615936,2
34.34633636,69.57914734,2
34.65358734,69.07949066,2
34.54626465,69.25974274,2
34.52602768,69.28369141,2
34.41427231,69.13874054,2
34.37732697,69.10877228,2
34.64000702,69.07341766,2
34.37732697,69.10877228,2
34.62503433,69.28909302,2
34.5469017,69.26506042,2
34.70950317,69.82138062,2
34.52088928,69.43582153,2
34.52915573,69.82628632,2
34.53684616,69.19288635,2
34.56167221,69.37499237,2
34.54190826,69.25970459,2
34.54626465,69.25974274,2
34.59238815,69.75352478,2
34.55741119,69.28340912,2
34.5539093,69.23325348,2
34.50953674,69.73534393,2
34.54626465,69.25974274,2
34.43533707,69.77902222,2
34.59096527,69.75034332,2
34.59096527,69.75034332,2
34.74724197,69.1162262,2
34.53951645,69.21360016,2
34.54626465,69.25974274,2
34.76247025,69.80860138,2
34.7643013,69.80425262,2
34.76488495,69.80871582,2
34.77126312,69.84147644,2
34.69113922,69.25839233,2
34.71106339,69.80919647,2
34.54383087,69.30516052,2
34.50856781,69.29533386,2
34.54291153,69.31278229,2
34.71097946,69.82175446,2
34.58016586,69.17118073,2
34.54392242,69.26701355,2
34.57015228,69.41654205,2
34.51078415,69.12528229,2
34.71125031,69.82344055,2
34.53322601,69.20159912,2
34.34833908,69.20898438,2
34.56167221,69.37499237,2
34.54489136,69.23432159,2
34.54626465,69.25974274,2
34.60107803,69.65435791,2
34.5616951,69.53813171,2
34.54626465,69.25974274,2
34.43809128,69.12887573,2
34.53951645,69.21523285,2
34.5393219,69.30514526,2
34.53412247,69.20487213,2
34.60575104,69.2407074,2
34.54626465,69.25974274,2
34.55210876,69.23325348,2
34.54626465,69.25974274,2
34.57496643,69.67189026,2
34.54626465,69.25974274,2
34.56876755,69.21034241,2
34.74917984,69.86704254,2
34.53684616,69.19288635,2
34.53955078,69.19507599,2
34.54626465,69.25974274,2
34.54626465,69.25974274,2
34.3859024,69.18035889,2
34.36808777,69.14682007,2
34.5918808,69.68699646,2
34.53771973,69.20967102,2
34.54396057,69.24958038,2
34.51941299,69.57315063,2
34.55432892,69.25058746,2
34.54626465,69.25974274,2
34.5539093,69.23325348,2
34.54626465,69.25974274,2
34.54626465,69.25974274,2
34.35279846,69.18474579,2
34.54393005,69.26265717,2
34.54626465,69.25974274,2
34.53243637,69.11660004,2
34.78262711,69.89164734,2
34.49407196,69.20999908,2
34.54626465,69.25974274,2
34.564888,69.6758728,2
34.54495239,69.20053864,2
34.54495239,69.20053864,2
34.53478622,69.20225525,2
34.54036713,69.19082642,2
34.56114578,69.22128296,2
34.54626465,69.25974274,2
34.50061417,69.40597534,2
34.54626465,69.25974274,2
34.54626465,69.25974274,2
34.54130554,69.22341156,2
34.54626465,69.25974274,2
34.50888443,69.19652557,2
34.50888443,69.19652557,2
34.54626465,69.25974274,2
34.55484772,69.21363831,2
34.54626465,69.25974274,2
34.54626465,69.25974274,2
34.54626465,69.25974274,2
34.53502274,69.20541382,2
34.54626465,69.25974274,2
34.5429039,69.31496429,2
34.56434631,69.24713135,2
34.53879547,69.21327209,2
34.59357834,69.23991394,2
34.36816025,69.21914673,2
34.54626465,69.25974274,2
34.53930283,69.31277466,2
34.54412842,69.25437164,2
34.54626465,69.25974274,2
34.56309128,69.1220932,2
34.56924057,69.23439026,2
34.52170944,69.1844635,2
34.54626465,69.25974274,2
34.54626465,69.25974274,2
34.57419205,69.23822021,2
34.45272064,69.10919189,2
34.72481537,69.27075958,2
34.52436066,69.05883789,2
34.53861618,69.21250916,2
34.52602768,69.19068146,2
34.5283432,69.16149902,2
34.54395676,69.25055695,2
34.54626465,69.25974274,2
34.54058838,69.21970367,2
34.54626465,69.25974274,2
34.54347229,69.26701355,2
34.5684166,69.18968964,2
34.38037491,69.22820282,2
34.53944778,69.25065613,2
34.54626465,69.25974274,2
34.54626465,69.25974274,2
34.54626465,69.25974274,2
34.52875137,69.17979431,2
34.35411453,69.17149353,2
34.5684166,69.18968964,2
34.54626465,69.25974274,2
34.54626465,69.25974274,2
34.54626465,69.25974274,2
34.56167221,69.37499237,2
34.5567131,69.50141144,2
34.54648209,69.2501297,2
34.56167221,69.37499237,2
34.50264359,69.24747467,2
34.53861237,69.21469116,2
34.50653839,69.19826508,2
34.53771591,69.21359253,2
34.56455994,69.28035736,2
34.54626465,69.25974274,2
34.55300522,69.23434448,2
34.54626465,69.25974274,2
34.54395676,69.25012207,2
34.54486084,69.24848938,2
34.55842972,69.22891235,2
34.54626465,69.25974274,2
34.54626465,69.25974274,2
34.54626465,69.25974274,2
34.512043,69.19500732,2
34.56167221,69.37499237,2
34.57875443,69.29302979,2
34.5756073,69.20278931,2
34.43130112,69.2122345,2
34.54626465,69.25974274,2
34.57606125,69.20278931,2
34.50383377,69.24727631,2
34.47638702,69.21637726,2
34.5565834,69.2507019,2
34.54626465,69.25974274,2
34.54095459,69.3130188,2
34.44629288,69.200737,2
34.48711777,69.21607971,2
34.54626465,69.25974274,2
34.54398727,69.23432159,2
34.57365799,69.27801514,2
34.56584549,69.2124176,2
34.54626465,69.25974274,2
34.53450012,69.17523956,2
34.54481506,69.27028656,2
34.56167221,69.37499237,2
34.55862808,69.26357269,2
34.56205368,69.21801758,2
34.54480362,69.27573395,2
34.57320786,69.27800751,2
34.56557083,69.26381683,2
34.55647278,69.29866791,2
34.54880905,69.03226471,2
34.53045273,69.18775177,2
34.56568909,69.38918304,2
34.57365799,69.27801514,2
34.56167221,69.37499237,2
34.49690628,69.31806183,2
34.45515442,69.10951996,2
34.53693771,69.16880798,2
34.56786346,69.24528503,2
34.53693771,69.16880798,2
34.55775452,69.25081635,2
34.54654694,69.30081177,2
34.54696274,69.31520081,2
34.57196045,69.22567749,2
34.56024551,69.36997223,2
34.54626465,69.25974274,2
34.56831741,69.24529266,2
34.55499649,69.23173523,2
34.54626465,69.25974274,2
34.56645584,69.27253723,2
34.56011963,69.28232574,2
34.52195358,69.20200348,2
34.54626465,69.25974274,2
34.54626465,69.25974274,2
34.54294586,69.29970551,2
34.55171204,69.25134277,2
34.56669998,69.12113953,2
34.54626465,69.25974274,2
34.54626465,69.25974274,2
34.54626465,69.25974274,2
34.56024551,69.36997223,2
34.5684166,69.18968964,2
34.54626465,69.25974274,2
34.4839592,69.21825409,2
34.54626465,69.25974274,2
34.5684166,69.18968964,2
34.53922653,69.19376373,2
34.54626465,69.25974274,2
34.56805038,69.21459198,2
34.56024551,69.36997223,2
34.54626465,69.25974274,2
34.56584549,69.2124176,2
34.54626465,69.25974274,2
34.54028702,69.19107819,2
34.55125809,69.20381927,2
34.54626465,69.25974274,2
34.54626465,69.25974274,2
34.41395569,69.1388092,2
34.56926727,69.21858215,2
34.56926727,69.21858215,2
34.41228867,69.14004517,2
34.55734634,69.15990448,2
34.56025314,69.21801758,2
34.56664276,69.16788483,2
34.53547668,69.20433044,2
34.54626465,69.25974274,2
34.52555084,69.1533432,3
34.5216713,69.16889191,3
34.78971863,69.2730484,3
34.52350998,69.06835938,3
34.55408859,69.32198334,3
34.50559998,69.61483002,3
34.55408859,69.32198334,3
34.55408859,69.32198334,3
34.55408859,69.32198334,3
34.5658493,69.21235657,3
34.83446121,69.23055267,3
34.35892868,69.13899231,3
34.58306122,69.2821579,3
34.53179932,69.12062836,3
34.55408859,69.32198334,3
34.76514816,69.03278351,3
34.54695892,69.31519318,3
34.53684998,69.19288635,3
34.55408859,69.32198334,3
34.51251984,69.17430878,3
34.55408859,69.32198334,3
34.52883911,69.18218994,3
34.51831055,69.6166687,3
34.55408859,69.32198334,3
34.52132034,69.34898376,3
34.7259407,69.11266327,3
34.54145813,69.10899353,3
34.54145813,69.10899353,3
34.57120132,69.12973785,3
34.66772842,69.04316711,3
34.66772842,69.04316711,3
34.55408859,69.32198334,3
34.84692001,69.24900055,3
34.54145813,69.10899353,3
34.76311111,69.23930359,3
34.5404892,69.15738678,3
34.82223129,69.26822662,3
34.81581879,69.22579193,3
34.56420135,69.12062836,3
34.55408859,69.32198334,3
34.55408859,69.32198334,3
34.55408859,69.32198334,3
34.45389175,69.11081696,3
34.7718811,69.17442322,3
34.55490112,69.27642822,3
34.54391098,69.26920319,3
34.55408859,69.32198334,3
34.75939941,69.24281311,3
34.55408859,69.32198334,3
34.55408859,69.32198334,3
34.54663849,69.25830841,3
34.53588867,69.24806976,3
34.83050156,69.24154663,3
34.56838989,69.20822144,3
34.34067917,69.14003754,3
34.55408859,69.32198334,3
34.55408859,69.32198334,3
34.69612885,69.07247925,3
34.46699905,68.93946075,3
34.59038162,69.63028717,3
34.82595062,69.24107361,3
34.55408859,69.32198334,3
34.54293823,69.26191711,3
34.51881027,69.13922119,3
34.53506851,69.16364288,3
34.53506851,69.16364288,3
34.53506851,69.16364288,3
34.53506851,69.16364288,3
34.53506851,69.16364288,3
34.55408859,69.32198334,3
34.53506851,69.16364288,3
34.55408859,69.32198334,3
34.53506851,69.16364288,3
34.57067108,69.4020462,3
34.53506851,69.16364288,3
34.55630112,69.36078644,3
34.53506851,69.16364288,3
34.53506851,69.16364288,3
34.55764008,69.15260315,3
34.53506851,69.16364288,3
34.53506851,69.16364288,3
34.53506851,69.16364288,3
34.57138824,69.23932648,3
34.53506851,69.16364288,3
34.53506851,69.16364288,3
34.51799011,69.12747192,3
34.53506851,69.16364288,3
34.53506851,69.16364288,3
34.43799973,69.19940948,3
34.68056107,69.27217865,3
34.83108902,69.13500977,3
34.53506851,69.16364288,3
34.54586029,69.26006317,3
34.83108902,69.13500977,3
34.83108902,69.13500977,3
34.53506851,69.16364288,3
34.53506851,69.16364288,3
34.53506851,69.16364288,3
34.83108902,69.13500977,3
34.83108902,69.13500977,3
34.75244904,69.13437653,3
34.75244904,69.13437653,3
34.75244904,69.13437653,3
34.75244904,69.13437653,3
34.75244904,69.13437653,3
34.75244904,69.13437653,3
34.75244904,69.13437653,3
34.75244904,69.13437653,3
34.75244904,69.13437653,3
34.75244904,69.13437653,3
34.75244904,69.13437653,3
34.75244904,69.13437653,3
34.61656189,69.07834625,3
34.53414917,69.18634033,3
34.48820877,69.54876709,3
34.54771042,69.28592682,3
34.53102112,69.17976379,3
34.53013992,69.16249847,3
34.75244904,69.13437653,3
34.75244904,69.13437653,3
34.75244904,69.13437653,3
34.75244904,69.13437653,3
34.75244904,69.13437653,3
34.75244904,69.13437653,3
34.75244904,69.13437653,3
34.75244904,69.13437653,3
34.52516937,69.1677475,3
34.53055954,69.17434692,3
34.52547073,69.17883301,3
34.49583054,69.2822876,3
34.50299072,69.21076965,3
34.55747986,69.2507019,3
34.75244904,69.13437653,3
34.75244904,69.13437653,3
34.75244904,69.13437653,3
34.75244904,69.13437653,3
34.75244904,69.13437653,3
34.75244904,69.13437653,3
34.75244904,69.13437653,3
34.75244904,69.13437653,3
34.75244904,69.13437653,3
34.52331924,69.18959045,3
34.75244904,69.13437653,3
34.75244904,69.13437653,3
34.75244904,69.13437653,3
34.75244904,69.13437653,3
34.75244904,69.13437653,3
34.75244904,69.13437653,3
34.75244904,69.13437653,3
34.50984955,69.1536026,3
34.34130096,69.0,3
34.75244904,69.13437653,3
34.75244904,69.13437653,3
34.75244904,69.13437653,3
34.75244904,69.13437653,3
34.5439415,69.25610352,3
34.42815018,68.98226929,3
34.50328064,69.45561981,3
34.75244904,69.13437653,3
34.5305481,69.17980194,3
34.75244904,69.13437653,3
34.74251938,69.1343689,3
34.75244904,69.13437653,3
34.75244904,69.13437653,3
34.75244904,69.13437653,3
34.75244904,69.13437653,3
34.75244904,69.13437653,3
34.75244904,69.13437653,3
34.75244904,69.13437653,3
34.75244904,69.13437653,3
34.75244904,69.13437653,3
34.75244904,69.13437653,3
34.75244904,69.13437653,3
34.75244904,69.13437653,3
34.75244904,69.13437653,3
34.75244904,69.13437653,3
34.75244904,69.13437653,3
34.75244904,69.13437653,3
34.75244904,69.13437653,3
34.74251938,69.1343689,3
34.75244904,69.13437653,3
34.45513916,69.10984802,3
34.87630844,69.17102814,3
34.5305481,69.17980194,3
34.75244904,69.13437653,3
34.75244904,69.13437653,3
34.75244904,69.13437653,3
34.75244904,69.13437653,3
34.75244904,69.13437653,3
34.75244904,69.13437653,3
34.83108902,69.13500977,3
34.75244904,69.13437653,3
34.75244904,69.13437653,3
34.75244904,69.13437653,3
34.75244904,69.13437653,3
34.75244904,69.13437653,3
34.75244904,69.13437653,3
34.50281143,69.14824677,3
34.53684998,69.19288635,3
34.85327148,69.13498688,3
34.85327148,69.13498688,3
34.85327148,69.13498688,3
34.85327148,69.13498688,3
34.85327148,69.13498688,3
34.85327148,69.13498688,3
34.85327148,69.13498688,3
34.85327148,69.13498688,3
34.53594971,69.19069672,3
34.84326172,69.13497162,3
34.85327148,69.13498688,3
34.85317993,69.13498688,3
34.85327148,69.13498688,3
34.85327148,69.13498688,3
34.85327148,69.13498688,3
34.85327148,69.13498688,3
34.85327148,69.13498688,3
34.85327148,69.13498688,3
34.75244904,69.13437653,3
34.85327148,69.13498688,3
34.85327148,69.13498688,3
34.75244904,69.13437653,3
34.75244904,69.13437653,3
34.75244904,69.13437653,3
34.75244904,69.13437653,3
34.75244904,69.13437653,3
34.75244904,69.13437653,3
34.75244904,69.13437653,3
34.75244904,69.13437653,3
34.53015137,69.18026733,3
34.54389954,69.26920319,3
34.53055954,69.17543793,3
34.75244904,69.13437653,3
34.75244904,69.13437653,3
34.75244904,69.13437653,3
34.75244904,69.13437653,3
34.75244904,69.13437653,3
34.75244904,69.13437653,3
34.75244904,69.13437653,3
34.75244904,69.13437653,3
34.75244904,69.13437653,3
34.75244904,69.13437653,3
34.75244904,69.13437653,3
34.75244904,69.13437653,3
34.75244904,69.13437653,3
34.75244904,69.13437653,3
34.75244904,69.13437653,3
34.5305481,69.18089294,3
34.75244904,69.13437653,3
34.75244904,69.13437653,3
34.75244904,69.13437653,3
34.75244904,69.13437653,3
34.75244904,69.13437653,3
34.75244904,69.13437653,3
34.75244904,69.13437653,3
34.75244904,69.13437653,3
34.75244904,69.13437653,3
34.75244904,69.13437653,3
34.75244904,69.13437653,3
34.75244904,69.13437653,3
34.75244904,69.13437653,3
34.75244904,69.13437653,3
34.75244904,69.13437653,3
34.75244904,69.13437653,3
34.75244904,69.13437653,3
34.75244904,69.13437653,3
34.75244904,69.13437653,3
34.75244904,69.13437653,3
34.75244904,69.13437653,3
34.75244904,69.13437653,3
34.75244904,69.13437653,3
34.56877136,69.21032715,3
34.75244904,69.13437653,3
34.76057053,69.13439941,3
34.75244904,69.13437653,3
34.5305481,69.18089294,3
34.75244904,69.13437653,3
34.75244904,69.13437653,3
34.75244904,69.13437653,3
34.75244904,69.13437653,3
34.75244904,69.13437653,3
34.75244904,69.13437653,3
34.75244904,69.13437653,3
34.83108902,69.13500977,3
34.75244904,69.13437653,3
34.75244904,69.13437653,3
34.5305481,69.17980194,3
34.75244904,69.13437653,3
34.75244904,69.13437653,3
34.75244904,69.13437653,3
34.5305481,69.17980194,3
34.75244904,69.13437653,3
34.75244904,69.13437653,3
34.75244904,69.13437653,3
34.75244904,69.13437653,3
34.75244904,69.13437653,3
34.75244904,69.13437653,3
34.75244904,69.13437653,3
34.71226883,69.37457275,3
34.5305481,69.17980194,3
34.75244904,69.13437653,3
34.75244904,69.13437653,3
34.75289917,69.13469696,3
34.75244904,69.13437653,3
34.5305481,69.17980194,3
34.5305481,69.17980194,3
34.75244904,69.13437653,3
34.75244904,69.13437653,3
34.75244904,69.13437653,3
34.75244904,69.13437653,3
34.75244904,69.13437653,3
34.75244904,69.13437653,3
34.75244904,69.13437653,3
34.53477097,69.34410095,3
34.75244904,69.13437653,3
34.75244904,69.13437653,3
34.75244904,69.13437653,3
34.75244904,69.13437653,3
34.75244904,69.13437653,3
34.75244904,69.13437653,3
34.75244904,69.13437653,3
34.75244904,69.13437653,3
34.54056931,69.31884766,3
34.53034973,69.19093323,3
34.75244904,69.13437653,3
34.75244904,69.13437653,3
34.75244904,69.13437653,3
34.5305481,69.17980194,3
34.75244904,69.13437653,3
34.75244904,69.13437653,3
34.75244904,69.13437653,3
34.75244904,69.13437653,3
34.75244904,69.13437653,3
34.5305481,69.17980194,3
34.75244904,69.13437653,3
34.75244904,69.13437653,3
34.75244904,69.13437653,3
34.5305481,69.17980194,3
34.75244904,69.13437653,3
34.75244904,69.13437653,3
34.75244904,69.13437653,3
34.75244904,69.13437653,3
34.75244904,69.13437653,3
34.75244904,69.13437653,3
34.75244904,69.13437653,3
34.75244904,69.13437653,3
34.75244904,69.13437653,3
34.75244904,69.13437653,3
34.75244904,69.13437653,3
34.75244904,69.13437653,3
34.75244904,69.13437653,3
34.75244904,69.13437653,3
34.75244904,69.13437653,3
34.75244904,69.13437653,3
34.75244904,69.13437653,3
34.75244904,69.13437653,3
34.75244904,69.13437653,3
34.56407166,69.33293152,3
34.75244904,69.13437653,3
34.75244904,69.13437653,3
34.75244904,69.13437653,3
34.40797043,69.13056946,3
34.75244904,69.13437653,3
34.51787949,69.3534317,3
34.53015137,69.18026733,3
34.75244904,69.13437653,3
34.75244904,69.13437653,3
34.75244904,69.13437653,3
34.75244904,69.13437653,3
34.75244904,69.13437653,3
34.75244904,69.13437653,3
34.75244904,69.13437653,3
34.75244904,69.13437653,3
34.75244904,69.13437653,3
34.75244904,69.13437653,3
34.75244904,69.13437653,3
34.75244904,69.13437653,3
34.75244904,69.13437653,3
34.75244904,69.13437653,3
34.53015137,69.18026733,3
34.5305481,69.17996979,3
34.51016998,69.23477173,3
34.53015137,69.18026733,3
34.75244904,69.13437653,3
34.75244904,69.13437653,3
34.75244904,69.13437653,3
34.75244904,69.13437653,3
34.75244904,69.13437653,3
34.75244904,69.13437653,3
34.75244904,69.13437653,3
34.75244904,69.13437653,3
34.75244904,69.13437653,3
34.75244904,69.13437653,3
34.75244904,69.13437653,3
34.75244904,69.13437653,3
34.75244904,69.13437653,3
34.75244904,69.13437653,3
34.75244904,69.13437653,3
34.75244904,69.13437653,3
34.76057053,69.13439941,3
34.75244904,69.13437653,3
34.4245491,69.42603302,3
34.53015137,69.18026733,3
34.53015137,69.18026733,3
34.5439415,69.25720978,3
34.75244904,69.13437653,3
34.75244904,69.13437653,3
34.75244904,69.13437653,3
34.75244904,69.13437653,3
34.75244904,69.13437653,3
34.75244904,69.13437653,3
34.75244904,69.13437653,3
34.75244904,69.13437653,3
34.47425079,69.25042725,3
34.53015137,69.18026733,3
34.75244904,69.13437653,3
34.75244904,69.13437653,3
34.75244904,69.13437653,3
34.75244904,69.13437653,3
34.75244904,69.13437653,3
34.75244904,69.13437653,3
34.75244904,69.13437653,3
34.53015137,69.18026733,3
34.53015137,69.18026733,3
34.53015137,69.18026733,3
34.52787018,69.16670227,3
34.75244904,69.13437653,3
34.75244904,69.13437653,3
34.75244904,69.13437653,3
34.75244904,69.13437653,3
34.75244904,69.13437653,3
34.53015137,69.18026733,3
34.53730011,69.1920166,3
34.52251816,69.18424225,3
34.54547882,69.36074829,3
34.54547882,69.36074829,3
34.51239014,69.18209839,3
34.50994873,69.18865967,3
34.57870865,69.26860046,3
34.52590942,69.15258789,3
34.54145813,69.10899353,3
34.54145813,69.10899353,3
34.59857178,69.39914703,3
34.53461075,69.16364288,3
34.54145813,69.10899353,3
34.5234108,69.18193054,3
34.54145813,69.10899353,3
34.54145813,69.10899353,3
34.54145813,69.10899353,3
34.54145813,69.10899353,3
34.54145813,69.10899353,3
34.54145813,69.10899353,3
34.54145813,69.10899353,3
34.54145813,69.10899353,3
34.54145813,69.10899353,3
34.54145813,69.10899353,3
34.54145813,69.10899353,3
34.54145813,69.10899353,3
34.54145813,69.10899353,3
34.54145813,69.10899353,3
34.54145813,69.10899353,3
34.54145813,69.10899353,3
34.54145813,69.10899353,3
34.54145813,69.10899353,3
34.54145813,69.10899353,3
34.54145813,69.10899353,3
34.54145813,69.10899353,3
34.54145813,69.10899353,3
34.54145813,69.10899353,3
34.54145813,69.10899353,3
34.54145813,69.10899353,3
34.54145813,69.10899353,3
34.54145813,69.10899353,3
34.54145813,69.10899353,3
34.54145813,69.10899353,3
34.54145813,69.10899353,3
34.54145813,69.10899353,3
34.54145813,69.10899353,3
34.54145813,69.10899353,3
34.54145813,69.10899353,3
34.54145813,69.10899353,3
34.54145813,69.10899353,3
34.54145813,69.10899353,3
34.54145813,69.10899353,3
34.54145813,69.10899353,3
34.54145813,69.10899353,3
34.54145813,69.10899353,3
34.54145813,69.10899353,3
34.54145813,69.10899353,3
34.54145813,69.10899353,3
34.54145813,69.10899353,3
34.54145813,69.10899353,3
34.54145813,69.10899353,3
34.54145813,69.10899353,3
34.54145813,69.10899353,3
34.54145813,69.10899353,3
34.54145813,69.10899353,3
34.54145813,69.10899353,3
34.54145813,69.10899353,3
34.54145813,69.10899353,3
34.54145813,69.10899353,3
34.54145813,69.10899353,3
34.54145813,69.10899353,3
34.54145813,69.10899353,3
34.54145813,69.10899353,3
34.54145813,69.10899353,3
34.54145813,69.10899353,3
34.54145813,69.10899353,3
34.54145813,69.10899353,3
34.54145813,69.10899353,3
34.54145813,69.10899353,3
34.54145813,69.10899353,3
34.54145813,69.10899353,3
34.54145813,69.10899353,3
34.54145813,69.10899353,3
34.54145813,69.10899353,3
34.54145813,69.10899353,3
34.54145813,69.10899353,3
34.54145813,69.10899353,3
34.54145813,69.10899353,3
34.54145813,69.10899353,3
34.54145813,69.10899353,3
34.40864182,69.40278625,3
34.54145813,69.10899353,3
34.54145813,69.10899353,3
34.54145813,69.10899353,3
34.54145813,69.10899353,3
34.54145813,69.10899353,3
34.54145813,69.10899353,3
34.54145813,69.10899353,3
34.54145813,69.10899353,3
34.54145813,69.10899353,3
34.56209183,69.19730377,3
34.54145813,69.10899353,3
34.54145813,69.10899353,3
34.54145813,69.10899353,3
34.54145813,69.10899353,3
34.54399109,69.23432159,3
34.54145813,69.10899353,3
34.52695847,69.1775589,3
34.54145813,69.10899353,3
34.54145813,69.10899353,3
34.54145813,69.10899353,3
34.54145813,69.10899353,3
34.57329941,69.09973907,3
34.54145813,69.10899353,3
34.54145813,69.10899353,3
34.54145813,69.10899353,3
34.54145813,69.10899353,3
34.54145813,69.10899353,3
34.54145813,69.10899353,3
34.54145813,69.10899353,3
34.56657028,69.21257782,3
34.54145813,69.10899353,3
34.54145813,69.10899353,3
34.54145813,69.10899353,3
34.54145813,69.10899353,3
34.54145813,69.10899353,3
34.54145813,69.10899353,3
34.54145813,69.10899353,3
34.54145813,69.10899353,3
34.54145813,69.10899353,3
34.54145813,69.10899353,3
34.54145813,69.10899353,3
34.54145813,69.10899353,3
34.54145813,69.10899353,3
34.52875137,69.17870331,3
34.54145813,69.10899353,3
34.54145813,69.10899353,3
34.54145813,69.10899353,3
34.54145813,69.10899353,3
34.54145813,69.10899353,3
34.54145813,69.10899353,3
34.54145813,69.10899353,3
34.54145813,69.10899353,3
34.54145813,69.10899353,3
34.54145813,69.10899353,3
34.54145813,69.10899353,3
34.54145813,69.10899353,3
34.54145813,69.10899353,3
34.54145813,69.10899353,3
34.54145813,69.10899353,3
34.54145813,69.10899353,3
34.54145813,69.10899353,3
34.54145813,69.10899353,3
34.54145813,69.10899353,3
34.54145813,69.10899353,3
34.54145813,69.10899353,3
34.54145813,69.10899353,3
34.34130859,69.00000763,3
34.54145813,69.10899353,3
34.54145813,69.10899353,3
34.54145813,69.10899353,3
34.54145813,69.10899353,3
34.54145813,69.10899353,3
34.54145813,69.10899353,3
34.54145813,69.10899353,3
34.54145813,69.10899353,3
34.54145813,69.10899353,3
34.54145813,69.10899353,3
34.54145813,69.10899353,3
34.54145813,69.10899353,3
34.52965164,69.18089294,3
34.54145813,69.10899353,3
34.54145813,69.10899353,3
34.54145813,69.10899353,3
34.54145813,69.10899353,3
34.54145813,69.10899353,3
34.54145813,69.10899353,3
34.53594971,69.19288635,3
34.54145813,69.10899353,3
34.54145813,69.10899353,3
34.54145813,69.10899353,3
34.49375153,69.31771851,3
34.54145813,69.10899353,3
34.54145813,69.10899353,3
34.54145813,69.10899353,3
34.54145813,69.10899353,3
34.54145813,69.10899353,3
34.42097092,69.32038879,3
34.54145813,69.10899353,3
34.75244904,69.13437653,3
34.75244904,69.13437653,3
34.54145813,69.10899353,3
34.54145813,69.10899353,3
34.54145813,69.10899353,3
34.54145813,69.10899353,3
34.54145813,69.10899353,3
34.54296112,69.29099274,3
34.54145813,69.10899353,3
34.75244904,69.13437653,3
34.75244904,69.13437653,3
34.75244904,69.13437653,3
34.75244904,69.13437653,3
34.54145813,69.10899353,3
34.54145813,69.10899353,3
34.55480957,69.3944397,3
34.54145813,69.10899353,3
34.75244904,69.13437653,3
34.54145813,69.10899353,3
34.54145813,69.10899353,3
34.54145813,69.10899353,3
34.54145813,69.10899353,3
34.75244904,69.13437653,3
34.75244904,69.13437653,3
34.75244904,69.13437653,3
34.75244904,69.13437653,3
34.54145813,69.10899353,3
34.75244904,69.13437653,3
34.75244904,69.13437653,3
34.54145813,69.10899353,3
34.54145813,69.10899353,3
34.38571167,69.26428223,3
34.54145813,69.10899353,3
34.54145813,69.10899353,3
34.54145813,69.10899353,3
34.54145813,69.10899353,3
34.54145813,69.10899353,3
34.54145813,69.10899353,3
34.51881027,69.1917572,3
34.54145813,69.10899353,3
34.54145813,69.10899353,3
34.54145813,69.10899353,3
34.54145813,69.10899353,3
34.54145813,69.10899353,3
34.54145813,69.10899353,3
34.54145813,69.10899353,3
34.54145813,69.10899353,3
34.54145813,69.10899353,3
34.54145813,69.10899353,3
34.54396057,69.24195099,3
34.54145813,69.10899353,3
34.54145813,69.10899353,3
34.51977158,69.16075134,3
34.52199936,69.15917969,3
34.54145813,69.10899353,3
34.54145813,69.10899353,3
34.54145813,69.10899353,3
34.54145813,69.10899353,3
34.54145813,69.10899353,3
34.54145813,69.10899353,3
34.54145813,69.10899353,3
34.75244904,69.13437653,3
34.75244904,69.13437653,3
34.75244904,69.13437653,3
34.54145813,69.10899353,3
34.54145813,69.10899353,3
34.75244904,69.13437653,3
34.75244904,69.13437653,3
34.75244904,69.13437653,3
34.75244904,69.13437653,3
34.54145813,69.10899353,3
34.54145813,69.10899353,3
34.53047943,69.22338104,3
34.54145813,69.10899353,3
34.54145813,69.10899353,3
34.54145813,69.10899353,3
34.54145813,69.10899353,3
34.54145813,69.10899353,3
34.54145813,69.10899353,3
34.51791,69.19391632,3
34.54145813,69.10899353,3
34.54145813,69.10899353,3
34.54145813,69.10899353,3
34.54145813,69.10899353,3
34.51972961,69.17977142,3
34.54145813,69.10899353,3
34.54145813,69.10899353,3
34.54145813,69.10899353,3
34.51869965,69.15818024,3
34.54145813,69.10899353,3
34.54145813,69.10899353,3
34.54145813,69.10899353,3
34.54145813,69.10899353,3
34.52719879,69.17855835,3
34.54145813,69.10899353,3
34.54145813,69.10899353,3
34.33768082,69.05326843,3
34.54145813,69.10899353,3
34.54145813,69.10899353,3
34.54145813,69.10899353,3
34.54145813,69.10899353,3
34.54145813,69.10899353,3
34.54145813,69.10899353,3
34.54145813,69.1089859,3
34.54145813,69.10899353,3
34.54145813,69.10899353,3
34.54145813,69.10899353,3
34.54145813,69.10899353,3
34.54145813,69.10899353,3
34.57556152,69.22895813,3
34.54145813,69.10899353,3
34.53039169,69.2026062,3
34.54145813,69.10899353,3
34.54145813,69.10899353,3
34.54145813,69.10899353,3
34.5345192,69.16272736,3
34.53036118,69.18903351,3
34.5353508,69.13857269,3
34.5353508,69.13857269,3
34.5353508,69.13857269,3
34.5353508,69.13857269,3
34.6629982,69.24774933,3
34.54145813,69.10899353,3
34.54145813,69.10899353,3
34.54145813,69.10899353,3
34.54145813,69.10899353,3
34.54145813,69.10899353,3
34.54145813,69.10899353,3
34.53020096,69.20345306,3
34.47650909,69.12973022,3
34.54145813,69.10899353,3
34.54145813,69.10899353,3
34.54145813,69.10899353,3
34.54145813,69.10899353,3
34.54145813,69.10899353,3
34.54145813,69.10899353,3
34.54145813,69.10899353,3
34.54145813,69.10899353,3
34.54145813,69.10899353,3
34.54145813,69.10899353,3
34.54145813,69.10899353,3
34.54145813,69.10899353,3
34.54145813,69.10899353,3
34.54145813,69.10899353,3
34.54145813,69.10899353,3
34.54145813,69.10899353,3
34.54145813,69.10899353,3
34.54145813,69.10899353,3
34.54145813,69.10899353,3
34.54145813,69.10899353,3
34.54145813,69.10899353,3
34.54145813,69.10899353,3
34.54145813,69.10899353,3
34.54145813,69.10899353,3
34.54145813,69.10899353,3
34.54145813,69.10899353,3
34.54145813,69.10899353,3
34.54145813,69.10899353,3
34.54145813,69.10899353,3
34.54145813,69.10899353,3
34.54145813,69.10899353,3
34.54145813,69.10899353,3
34.54145813,69.10899353,3
34.47650909,69.12973022,3
34.45256042,69.13439178,3
34.45256042,69.13439178,3
34.54145813,69.10899353,3
34.54145813,69.10899353,3
34.54145813,69.10899353,3
34.54145813,69.10899353,3
34.54145813,69.10899353,3
34.54145813,69.10899353,3
34.54145813,69.10899353,3
34.52787018,69.17299652,3
34.53020096,69.20345306,3
34.54145813,69.10899353,3
34.54145813,69.10899353,3
34.54145813,69.10899353,3
34.54145813,69.10899353,3
34.54145813,69.10899353,3
34.54145813,69.10899353,3
34.54145813,69.10899353,3
34.54291916,69.30732727,3
34.54145813,69.10899353,3
34.54145813,69.10899353,3
34.54145813,69.10899353,3
34.54145813,69.10899353,3
34.54145813,69.10899353,3
34.54145813,69.10899353,3
34.54145813,69.10899353,3
34.54145813,69.10899353,3
34.54145813,69.10899353,3
34.54145813,69.10899353,3
34.54145813,69.10899353,3
34.54145813,69.10899353,3
34.54145813,69.10899353,3
34.54145813,69.10899353,3
34.49375153,69.31771851,3
34.49375153,69.31771851,3
34.54145813,69.10899353,3
34.54145813,69.10899353,3
34.54145813,69.10899353,3
34.54145813,69.10899353,3
34.54145813,69.10899353,3
34.54145813,69.10899353,3
34.54145813,69.10899353,3
34.54145813,69.10899353,3
34.52185822,69.15625,3
34.54145813,69.10899353,3
34.54145813,69.10899353,3
34.54145813,69.10899353,3
34.79809189,69.24475098,3
34.54145813,69.10899353,3
34.54145813,69.10899353,3
34.54293823,69.29971313,3
34.54145813,69.10899353,3
34.54145813,69.10899353,3
34.54145813,69.10899353,3
34.54145813,69.10899353,3
34.6634407,69.41253662,3
34.54145813,69.10899353,3
34.54145813,69.10899353,3
34.54145813,69.10899353,3
34.54145813,69.10899353,3
34.54145813,69.10899353,3
34.54145813,69.10899353,3
34.54145813,69.10899353,3
34.54145813,69.10899353,3
34.54145813,69.10899353,3
34.54145813,69.10899353,3
34.54145813,69.10899353,3
34.54145813,69.10899353,3
34.54145813,69.10899353,3
34.54145813,69.10899353,3
34.54145813,69.10899353,3
34.54145813,69.10899353,3
34.54145813,69.10899353,3
34.54145813,69.10899353,3
34.54145813,69.10899353,3
34.56024933,69.36932373,3
34.54145813,69.10899353,3
34.54145813,69.10899353,3
34.54145813,69.10899353,3
34.54145813,69.10899353,3
34.54145813,69.10899353,3
34.54145813,69.10899353,3
34.54145813,69.10899353,3
34.54145813,69.10899353,3
34.54145813,69.10899353,3
34.54145813,69.10899353,3
34.54145813,69.10899353,3
34.54145813,69.10899353,3
34.54145813,69.10899353,3
34.54145813,69.10899353,3
34.54145813,69.10899353,3
34.54145813,69.10899353,3
34.54145813,69.10899353,3
34.54145813,69.10899353,3
34.54145813,69.10899353,3
34.54145813,69.10899353,3
34.54145813,69.10899353,3
34.54145813,69.10899353,3
34.54145813,69.10899353,3
34.54145813,69.10899353,3
34.54145813,69.10899353,3
34.54145813,69.10899353,3
34.54145813,69.10899353,3
34.54145813,69.10899353,3
34.54145813,69.10899353,3
34.54145813,69.10899353,3
34.54291916,69.31060791,3
34.54145813,69.10899353,3
34.54145813,69.10899353,3
34.54145813,69.10899353,3
34.54145813,69.10899353,3
34.53057098,69.16562653,3
34.54145813,69.10899353,3
34.54145813,69.10899353,3
34.54145813,69.10899353,3
34.54145813,69.10899353,3
34.54145813,69.10899353,3
34.54145813,69.10899353,3
34.54145813,69.10899353,3
34.54145813,69.10899353,3
34.54145813,69.10899353,3
34.54145813,69.10899353,3
34.54145813,69.10899353,3
34.54145813,69.10899353,3
34.54145813,69.10899353,3
34.54145813,69.10899353,3
34.54145813,69.10899353,3
34.54145813,69.10899353,3
34.54145813,69.10899353,3
34.54145813,69.10899353,3
34.54145813,69.10899353,3
34.54145813,69.10899353,3
34.54145813,69.10899353,3
34.54145813,69.10899353,3
34.54145813,69.10899353,3
34.54145813,69.10899353,3
34.54145813,69.10899353,3
34.54145813,69.10899353,3
34.54145813,69.10899353,3
34.54145813,69.10899353,3
34.54145813,69.10899353,3
34.54145813,69.10899353,3
34.54145813,69.10899353,3
34.54145813,69.10899353,3
34.54145813,69.10899353,3
34.54145813,69.10899353,3
34.54145813,69.10899353,3
34.54145813,69.10899353,3
34.54145813,69.10899353,3
34.54145813,69.10899353,3
34.54145813,69.10899353,3
34.54145813,69.10899353,3
34.51845169,69.17949677,3
34.54145813,69.10899353,3
34.54145813,69.10899353,3
34.54145813,69.10899353,3
34.54145813,69.10899353,3
34.54145813,69.10899353,3
34.54145813,69.10899353,3
34.54145813,69.10899353,3
34.54145813,69.10899353,3
34.52719879,69.17855835,3
34.54145813,69.10899353,3
34.54145813,69.10899353,3
34.54145813,69.10899353,3
34.54145813,69.10899353,3
34.54145813,69.10899353,3
34.54145813,69.10899353,3
34.54145813,69.10899353,3
34.54145813,69.10899353,3
34.54145813,69.10899353,3
34.54145813,69.10899353,3
34.54145813,69.10899353,3
34.54145813,69.10899353,3
34.54145813,69.10899353,3
34.54145813,69.10899353,3
34.54145813,69.10899353,3
34.54145813,69.10899353,3
34.54145813,69.10899353,3
34.54145813,69.10899353,3
34.54145813,69.10899353,3
34.54145813,69.10899353,3
34.54145813,69.10899353,3
34.54145813,69.10899353,3
34.54145813,69.10899353,3
34.54145813,69.10899353,3
34.54627991,69.26026154,3
34.54145813,69.10899353,3
34.54145813,69.10899353,3
34.54145813,69.10899353,3
34.54145813,69.10899353,3
34.54145813,69.10899353,3
34.54145813,69.10899353,3
34.54145813,69.10899353,3
34.54145813,69.10899353,3
34.54145813,69.10899353,3
34.54145813,69.10899353,3
34.54145813,69.10899353,3
34.54145813,69.10899353,3
34.54145813,69.10899353,3
34.54145813,69.10899353,3
34.54145813,69.10899353,3
34.54145813,69.10899353,3
34.54145813,69.10899353,3
34.54145813,69.10899353,3
34.54145813,69.10899353,3
34.54145813,69.10899353,3
34.54145813,69.10899353,3
34.54145813,69.10899353,3
34.54145813,69.10899353,3
34.54145813,69.10899353,3
34.54145813,69.10899353,3
34.54145813,69.10899353,3
34.54145813,69.10899353,3
34.54145813,69.10899353,3
34.54145813,69.10899353,3
34.54145813,69.10899353,3
34.54145813,69.10899353,3
34.54145813,69.10899353,3
34.54145813,69.10899353,3
34.54145813,69.10899353,3
34.54145813,69.10899353,3
34.54145813,69.10899353,3
34.54145813,69.10899353,3
34.54145813,69.10899353,3
34.52191925,69.15805817,3
34.54145813,69.10899353,3
34.54145813,69.10899353,3
34.54145813,69.10899353,3
34.52233887,69.16490173,3
34.52359009,69.16368103,3
34.54145813,69.10899353,3
34.54145813,69.10899353,3
34.54145813,69.10899353,3
34.54145813,69.10899353,3
34.54145813,69.10899353,3
34.54145813,69.10899353,3
34.54145813,69.10899353,3
34.54145813,69.10899353,3
34.54145813,69.10899353,3
34.54145813,69.10899353,3
34.54145813,69.10899353,3
34.54145813,69.10899353,3
34.54145813,69.10899353,3
34.54145813,69.10899353,3
34.54145813,69.10899353,3
34.54145813,69.10899353,3
34.54145813,69.10899353,3
34.54145813,69.10899353,3
34.54390717,69.26919556,3
34.54145813,69.10899353,3
34.54145813,69.10899353,3
34.54145813,69.10899353,3
34.54145813,69.10899353,3
34.54145813,69.10899353,3
34.54145813,69.10899353,3
34.54145813,69.10899353,3
34.54145813,69.10899353,3
34.54145813,69.10899353,3
34.54145813,69.10899353,3
34.54145813,69.10899353,3
34.54145813,69.10899353,3
34.54145813,69.10899353,3
34.54145813,69.10899353,3
34.54145813,69.10899353,3
34.54145813,69.10899353,3
34.54145813,69.10899353,3
34.54145813,69.10899353,3
34.54145813,69.1089859,3
34.54145813,69.10899353,3
34.54145813,69.10899353,3
34.54145813,69.10899353,3
34.54145813,69.1089859,3
34.54145813,69.10899353,3
34.54145813,69.10899353,3
34.54145813,69.1089859,3
34.54145813,69.10899353,3
34.54145813,69.10899353,3
34.54145813,69.10899353,3
34.54145813,69.10899353,3
34.54145813,69.10899353,3
34.54145813,69.10899353,3
34.54145813,69.10899353,3
34.54145813,69.10899353,3
34.5384407,69.19109344,3
34.54145813,69.10899353,3
34.54145813,69.10899353,3
34.54145813,69.10899353,3
34.54145813,69.10899353,3
34.54145813,69.10899353,3
34.52366638,69.13767242,3
34.54145813,69.10899353,3
34.54145813,69.10899353,3
34.54145813,69.10899353,3
34.54145813,69.10899353,3
34.54145813,69.10899353,3
34.54145813,69.10899353,3
34.54145813,69.10899353,3
34.54145813,69.10899353,3
34.54145813,69.10899353,3
34.54145813,69.10899353,3
34.54145813,69.10899353,3
34.54145813,69.10899353,3
34.54145813,69.10899353,3
34.54145813,69.10899353,3
34.54145813,69.10899353,3
34.54145813,69.10899353,3
34.72463989,69.27086639,3
34.54145813,69.10899353,3
34.54145813,69.10899353,3
34.54145813,69.10899353,3
34.54145813,69.10899353,3
34.54145813,69.10899353,3
34.54145813,69.10899353,3
34.54145813,69.10899353,3
34.54145813,69.10899353,3
34.54145813,69.10899353,3
34.54145813,69.10899353,3
34.54145813,69.10899353,3
34.54145813,69.10899353,3
34.6832695,69.37606049,3
34.4928894,69.16664124,3
34.54145813,69.10899353,3
34.54145813,69.10899353,3
34.54145813,69.10899353,3
34.54145813,69.10899353,3
34.56029129,69.36988831,3
34.54145813,69.10899353,3
34.54145813,69.10899353,3
34.54145813,69.10899353,3
34.54145813,69.10899353,3
34.54145813,69.10899353,3
34.54145813,69.10899353,3
34.54145813,69.10899353,3
34.54145813,69.10899353,3
34.54145813,69.10899353,3
34.54145813,69.10899353,3
34.54145813,69.10899353,3
34.54145813,69.10899353,3
34.54145813,69.10899353,3
34.54145813,69.10899353,3
34.54145813,69.10899353,3
34.54145813,69.10899353,3
34.54145813,69.10899353,3
34.54145813,69.10899353,3
34.54145813,69.10899353,3
34.54145813,69.10899353,3
34.54145813,69.10899353,3
34.54145813,69.10899353,3
34.54145813,69.10899353,3
34.54145813,69.10899353,3
34.54145813,69.10899353,3
34.53287888,69.1204071,3
34.54145813,69.10899353,3
34.54145813,69.10899353,3
34.54145813,69.10899353,3
34.54145813,69.10899353,3
34.54145813,69.10899353,3
34.54145813,69.10899353,3
34.54145813,69.10899353,3
34.54145813,69.10899353,3
34.54145813,69.10899353,3
34.54145813,69.10899353,3
34.54145813,69.10899353,3
34.54145813,69.10899353,3
34.54145813,69.10899353,3
34.54145813,69.10899353,3
34.54145813,69.10899353,3
34.54145813,69.10899353,3
34.54145813,69.10899353,3
34.539711,69.31947327,3
34.54145813,69.10899353,3
34.54145813,69.10899353,3
34.54145813,69.10899353,3
34.54145813,69.10899353,3
34.54145813,69.10899353,3
34.54145813,69.10899353,3
34.54145813,69.10899353,3
34.54396057,69.24958038,3
34.54145813,69.10899353,3
34.54145813,69.10899353,3
34.54145813,69.10899353,3
34.54145813,69.10899353,3
34.54145813,69.10899353,3
34.54145813,69.10899353,3
34.54145813,69.10899353,3
34.54145813,69.10899353,3
34.54145813,69.10899353,3
34.54145813,69.10899353,3
34.54145813,69.10899353,3
34.54145813,69.10899353,3
34.54145813,69.10899353,3
34.54145813,69.10899353,3
34.54145813,69.10899353,3
34.54145813,69.10899353,3
34.54145813,69.10899353,3
34.54145813,69.10899353,3
34.52069092,69.15770721,3
34.54145813,69.10899353,3
34.54145813,69.10899353,3
34.54145813,69.10899353,3
34.54145813,69.10899353,3
34.5214386,69.15692902,3
34.54145813,69.10899353,3
34.54145813,69.10899353,3
34.54145813,69.10899353,3
34.54145813,69.10899353,3
34.54145813,69.10899353,3
34.54145813,69.10899353,3
34.54145813,69.10899353,3
34.54145813,69.10899353,3
34.54145813,69.10899353,3
34.54145813,69.10899353,3
34.55089951,69.3585968,3
34.54145813,69.10899353,3
34.54145813,69.10899353,3
34.55089188,69.3585968,3
34.54145813,69.10899353,3
34.54145813,69.10899353,3
34.54145813,69.10899353,3
34.54145813,69.10899353,3
34.54145813,69.10899353,3
34.54145813,69.10899353,3
34.54145813,69.10899353,3
34.54145813,69.10899353,3
34.54145813,69.10899353,3
34.54145813,69.10899353,3
34.54145813,69.10899353,3
34.54145813,69.10899353,3
34.54145813,69.10899353,3
34.408741,69.4072876,3
34.54145813,69.10899353,3
34.54145813,69.10899353,3
34.54145813,69.10899353,3
34.54145813,69.10899353,3
34.54145813,69.10899353,3
34.54145813,69.10899353,3
34.54145813,69.10899353,3
34.54145813,69.10899353,3
34.54145813,69.10899353,3
34.54145813,69.10899353,3
34.54145813,69.10899353,3
34.54145813,69.10899353,3
34.54145813,69.10899353,3
34.54145813,69.10899353,3
34.54145813,69.10899353,3
34.54145813,69.10899353,3
34.54145813,69.10899353,3
34.54145813,69.10899353,3
34.54145813,69.10899353,3
34.54145813,69.10899353,3
34.54145813,69.10899353,3
34.54145813,69.10899353,3
34.54145813,69.10899353,3
34.54145813,69.10899353,3
34.54145813,69.10899353,3
34.54145813,69.10899353,3
34.54145813,69.10899353,3
34.54145813,69.10899353,3
34.54145813,69.10899353,3
34.54145813,69.10899353,3
34.52199936,69.15567017,3
34.54145813,69.10899353,3
34.54145813,69.10899353,3
34.54145813,69.10899353,3
34.54145813,69.10899353,3
34.54145813,69.10899353,3
34.54145813,69.10899353,3
34.54145813,69.10899353,3
34.54145813,69.10899353,3
34.54145813,69.10899353,3
34.54145813,69.10899353,3
34.54145813,69.10899353,3
34.54145813,69.10899353,3
34.54145813,69.10899353,3
34.54145813,69.10899353,3
34.54145813,69.10899353,3
34.54145813,69.10899353,3
34.54145813,69.10899353,3
34.54145813,69.10899353,3
34.54145813,69.10899353,3
34.54145813,69.10899353,3
34.54145813,69.10899353,3
34.54145813,69.10899353,3
34.54145813,69.10899353,3
34.54145813,69.10899353,3
34.54145813,69.10899353,3
34.54145813,69.10899353,3
34.54145813,69.10899353,3
34.54145813,69.10899353,3
34.54145813,69.10899353,3
34.54145813,69.10899353,3
34.54145813,69.10899353,3
34.54145813,69.10899353,3
34.54145813,69.10899353,3
34.54145813,69.10899353,3
34.54145813,69.10899353,3
34.54145813,69.10899353,3
34.54145813,69.10899353,3
34.54145813,69.10899353,3
34.54145813,69.10899353,3
34.54145813,69.10899353,3
34.54145813,69.10899353,3
34.54145813,69.10899353,3
34.54145813,69.10899353,3
34.54145813,69.10899353,3
34.54145813,69.10899353,3
34.54145813,69.10899353,3
34.54145813,69.10899353,3
34.54145813,69.10899353,3
34.54145813,69.10899353,3
34.75999069,69.83000946,3
34.54145813,69.10899353,3
34.54145813,69.10899353,3
34.54145813,69.10899353,3
34.54145813,69.10899353,3
34.54145813,69.10899353,3
34.54145813,69.10899353,3
34.54145813,69.10899353,3
34.54145813,69.10899353,3
34.54145813,69.10899353,3
34.74642181,69.1206131,3
34.54145813,69.10899353,3
34.54145813,69.10899353,3
34.54145813,69.10899353,3
34.54145813,69.10899353,3
34.54145813,69.10899353,3
34.54145813,69.10899353,3
34.54145813,69.10899353,3
34.54145813,69.10899353,3
34.54145813,69.10899353,3
34.54145813,69.10899353,3
34.54145813,69.10899353,3
34.63745117,69.23860931,3
34.56932831,69.27075958,3
34.52020645,69.34792328,3
34.56537247,69.34448242,3
34.54384232,69.30188751,3
34.54372787,69.27268219,3
34.53473663,69.55092621,3
34.53473663,69.55092621,3
34.85196686,69.25306702,3
34.57547379,69.27256775,3
34.49002838,69.13722992,3
34.53027725,69.1782074,3
34.56084061,69.35209656,3
34.54390335,69.27573395,3
34.55773926,69.0294342,3
34.52165985,69.0435791,3
34.55210495,69.23434448,3
34.51167679,69.13291168,3
34.51791,69.19284821,3
34.73947525,69.25933075,3
34.49566269,69.13969421,3
34.54309464,69.23104858,3
34.52014542,69.18144226,3
34.53008652,69.17823029,3
34.58476257,69.0872345,3
34.522789,69.19142914,3
34.54219437,69.22995758,3
34.59062576,69.76714325,3
34.53242874,69.12204742,3
34.51702881,69.17977142,3
34.60095596,69.67617035,3
34.52965546,69.17870331,3
34.62133408,69.05065918,3
34.58839798,68.96183777,3
34.56613541,69.21170807,3
34.62454605,69.05197906,3
34.54850769,69.22888184,3
34.50951004,69.32617188,3
34.539608,69.15257263,3
34.58184052,69.24751282,3
34.49543762,69.13941956,3
34.52605057,69.17510223,3
34.59189606,69.16575623,3
34.54292679,69.3062439,3
34.64997101,69.69978333,3
34.54688644,69.26025391,3
34.52770615,69.7126236,3
34.53806305,69.19455719,3
34.52151108,69.19612122,3
34.54292679,69.3073349,3
34.54310226,69.22668457,3
34.34207153,69.17939758,3
34.54390335,69.27464294,3
34.50363159,68.98910522,3
34.54133606,69.20488739,3
34.49272919,69.13941956,3
34.5474205,69.25881958,3
34.5474205,69.25881958,3
34.51515198,69.51968384,3
34.51074982,69.15361023,3
34.51882553,69.18412781,3
34.5188179,69.18740082,3
34.53329849,69.150383,3
34.47646713,69.16334534,3
34.64122391,69.68369293,3
34.51528549,69.13182831,3
34.56609726,69.21259308,3
34.53861618,69.21250916,3
34.71106339,69.80919647,3
34.54390335,69.27464294,3
34.51973343,69.17977142,3
34.56495285,68.98582458,3
34.54395676,69.25066376,3
34.59009171,69.76048279,3
34.53998947,69.30562592,3
34.5730896,69.27784729,3
34.64537048,69.78891754,3
34.56589508,68.95518494,3
34.54255676,69.31005859,3
34.56080627,69.21466064,3
34.55318451,69.23576355,3
34.88379288,69.20261383,3
34.55979919,69.21444702,3
34.36713028,69.01911163,3
34.54398727,69.23432159,3
34.58472824,69.08837891,3
34.50345612,69.20697021,3
34.56306839,69.49054718,3
34.79718399,69.24472809,3
34.53684235,69.12837219,3
34.52152634,69.18522644,3
34.56204605,69.2234726,3
34.5656929,69.21649933,3
34.51250839,69.18520355,3
34.53598022,69.16999817,3
34.52785492,69.18265533,3
34.54407883,69.23388672,3
34.81236267,69.23419952,3
34.54489136,69.23377991,3
34.56803894,69.21476746,3
34.38592911,69.33721924,3
34.50643539,69.14041901,3
34.56863785,69.44915009,3
34.54489136,69.23432159,3
34.52334595,69.17433167,3
34.52875519,69.1776123,3
34.51252747,69.17430878,3
34.72928238,69.86169434,3
34.54486084,69.2490387,3
34.61709976,69.07852936,3
34.51667786,69.17137909,3
